SiteNumber,Drainage
03007800,248.0
03010500,550.0
03010655,98.7
03010820,1168.0
03011020,1608.0
03011800,38.8
03012550,2180.0
03015000,816.0
03015310,3131.0
03015500,321.0
03016000,3660.0
03017500,233.0
03020000,479.0
03020500,283.0
03021350,92.0
03021520,221.0
03022540,31.1
03022554,45.6
03023100,788.0
03024000,1028.0
03025500,5982.0
03026480,8.32
03026500,7.84
03027500,73.2
03028000,63.0
03028500,204.0
03029000,303.0
03029500,807.0
03030500,951.0
03031500,7671.0
03031882,328.0
03032500,528.0
03034000,158.0
03034500,87.4
03036000,344.0
03036500,8973.0
03038000,191.0
03039000,278.0
03040000,451.0
03041029,678.0
03041500,715.0
03042000,193.0
03042280,57.4
03042500,171.0
03044000,1358.0
03044810,8.0
03045000,172.0
03047000,290.0
03048500,1825.0
03048900,125.0
03049500,11410.0
03049800,5.78
03051000,415.0
03052000,149.0
03052120,94.7
03052500,14.3
03053500,277.0
03054500,919.0
03056250,96.7
03057000,1367.0
03058000,101.0
03058500,181.0
03061000,759.0
03061500,116.0
03062500,63.0
03065000,347.0
03066000,86.1
03067510,60.1
03068800,150.0
03069500,718.0
307020015,971.0
03070500,200.0
03072000,229.0
03072655,4440.0
03073000,180.0
03074500,73.7
03075070,5340.0
03075500,134.0
03075825,3.53
03075850,1.03
03075905,13.1
03076100,250.0
03076500,295.0
03076600,48.9
03077500,436.0
03078000,64.2
03079000,382.0
03080000,121.0
03081000,1029.0
03081500,1062.0
03082500,1326.0
03083500,1715.0
03085500,257.0
03086000,19500.0
03091500,273.0
03093000,97.6
03094000,575.0
03094704,18.5
03095500,97.5
03098600,978.0
03099500,1073.0
03101500,167.0
03102500,104.0
03102850,337.0
03103500,584.0
03105500,2235.0
03106000,356.0
03106500,398.0
03107500,3106.0
03108000,178.0
03109500,496.0
03110000,147.0
03110830,48.9
03110955,53.5
03111500,123.0
03111548,97.7
03112000,282.0
03113990,127.0
311404647,18.6
03114250,99.6
03114283,25.5
03114306,26188.0
03114350,63.1
03114431,348.0
03114500,459.0
03115400,210.0
03115644,99.5
03115712,84.5
03115786,260.0
03115917,65.7
03116000,174.0
03116077,50.4
03116196,143.0
03117000,508.0
03117500,253.0
03118000,43.1
03118500,172.0
03121500,70.0
03124500,311.0
03125900,36.6
03127000,282.0
03129000,2443.0
03129197,28.0
03131300,301.0
03136500,202.0
03139000,464.0
03140000,27.2
03140500,4859.0
03141870,69.5
03144000,140.0
03144500,5993.0
03144816,47.0
03145000,133.0
03145173,181.0
03145483,78.2
03146000,116.0
03146402,240.0
03146500,537.0
03149500,75.7
03150000,7422.0
03150500,7947.0
03151400,112.0
03151915,79.1
03152000,387.0
03154000,205.0
03155000,1516.0
03155220,229.0
03156400,48.2
03157000,89.0
03157500,459.0
03159500,943.0
03159540,156.0
03161000,205.0
03164000,1141.0
03165000,39.4
03165500,1350.0
03167000,258.0
03168000,2212.0
03170000,300.0
03171000,2767.0
03173000,299.0
03175500,223.0
03177120,73.1
03177710,44.3
03179000,395.0
03180500,133.0
03181949,103.0
03182500,539.0
03182700,143.0
03183500,1328.0
03184000,1623.0
03185000,52.7
03185400,6752.0
03186500,128.0
03187500,80.4
03188900,32.8
03189100,528.0
03190000,288.0
03191500,40.7
03192000,1316.0
03193000,8385.0
03194700,266.0
03197000,1145.0
03197790,43.7
03197950,1532.0
03198000,10463.0
03198350,63.3
03198500,390.0
03199000,269.0
03200500,858.0
03201000,238.0
03201405,27.7
03202000,585.0
03202300,261.0
03202400,307.0
03202750,126.0
03203600,833.0
03204346,38.3
03204500,256.0
03205470,302.0
03207061,402.0
03207800,297.0
03207965,6.2
03208500,286.0
03208950,66.5
03209000,221.0
03209200,526.0
03209500,1232.0
03210000,56.3
03212500,2144.0
03212750,174.0
03212980,209.0
03213000,503.0
03213500,31.0
03213700,936.0
03214500,1277.0
03215410,79.23
03216070,
03216500,400.0
03217000,242.0
03217424,160.0
03217500,257.0
03219500,567.0
03219781,74.1
03220000,178.0
03221000,980.0
03221646,1050.0
03223425,37.9
03226800,497.0
03227107,533.0
03227500,1629.0
03228300,101.0
03228689,46.0
03228750,64.9
03229500,544.0
03229610,2272.0
03229796,274.0
03230310,162.0
03230450,35.8
03230500,534.0
03230700,3217.0
03230800,228.0
03231500,3849.0
03232000,249.0
03232300,209.0
03232500,140.0
03234000,807.0
03234500,5131.0
03237020,5836.0
03237280,12.2
03237500,387.0
03238140,4.24
03238495,208.0
03238772,3.1
03238785,9.81
03240000,129.0
03241500,63.2
03245500,1203.0
03246500,237.0
03247500,476.0
03248300,107.0
03250100,84.7
03250190,84.5
03250322,4.2
03250500,1785.0
03251200,226.0
03251500,2326.0
03251900,
03252300,154.0
03253000,915.0
03253500,3300.0
03254693,3.14
03255349,50.0
03255420,61.1
03259198,3.88
03260015,6.39
03260050,12.8
03260100,4.03
03260706,40.4
03261500,541.0
03261950,152.0
03262001,24.2
03262500,866.0
03264000,193.0
03265000,503.0
03266560,36.6
03267000,162.0
03267900,310.0
03269500,490.0
03270000,635.0
03270500,2511.0
03271000,68.7
03271300,18.7
03271500,2711.0
03271620,2727.0
03272100,3134.0
03272700,69.0
03274000,3630.0
03275000,529.0
03275600,200.0
03276500,1224.0
03277075,36.6
03277130,36.4
03277200,83170.0
03277300,66.4
03277500,466.0
03280000,1101.0
03280700,61.3
03281000,537.0
03281100,163.0
03281500,722.0
03282000,2657.0
03282040,77.3
03282500,65.8
03283500,362.0
03284000,3955.0
03284230,4101.0
03284525,0.96
03284533,19.49
03284552,15.09
03285000,318.0
03286200,439.0
03286500,5036.0
03287000,5102.0
03287500,5411.0
03287590,4.05
03287600,21.5
03288110,
03288180,5.54
03289000,24.0
03289200,30.0
03289300,105.0
03289500,473.0
03290500,6180.0
03291000,42.9
03291500,437.0
03291780,27.5
03292470,70.3
03292474,6.0
03292494,91048.47
03293510,60.1
03293530,6.2
03294000,189.0
03294500,91170.0
03294550,24.4
03294570,13.5
03295890,259.0
03297800,12.1
03297900,79.9
03298000,138.0
03298135,5.47
03298200,213.0
03298500,1197.0
03298550,7.91
03300400,436.0
03301000,669.0
03301500,1299.0
03301900,3.5
03301940,11.1
03302000,64.0
03302030,80.3
03302220,65.2
03302680,19.0
03302800,283.0
03303000,476.0
03303280,97000.0
03303300,39.8
03305000,22.4
03307000,188.0
03308500,1673.0
03310000,38.12
03310300,360.0
03310400,85.4
03313700,110.0
03314000,478.0
03314500,1849.0
03318800,124.0
03320000,7566.0
03320500,194.0
03321350,58.2
03322011,33.4
03322485,113.0
03322900,453.0
03323000,532.0
03324000,263.0
03324200,85.6
03324300,425.0
03325000,1768.0
03325519,141.0
03327500,2686.0
03328000,417.0
03328500,789.0
03329000,3779.0
03329700,274.0
03330241,49.3
03330500,113.0
03331224,4.72
03331500,856.0
03331753,942.0
03332345,1284.0
03332349,66.52
03332555,1760.0
03332605,1790.0
03333050,1869.0
03333450,146.0
03333700,242.0
03334000,396.0
03334500,243.0
03335000,794.0
03335500,7267.0
33356848,172.0
03335960,10.45
03336000,8218.0
03336645,432.0
03336890,40.7
03336900,134.0
03337100,4.78
03337570,75.1
03339000,1290.0
03339280,33.2
03339305,284.43
03339500,512.0
03340500,11118.0
03340800,139.0
03341300,448.0
03341500,12265.0
03342000,13161.0
03342500,228.0
03343010,13732.0
03343400,186.0
03345500,1516.0
03346000,318.0
03346500,2333.0
03347000,241.0
03348000,406.0
03348130,519.0
03348350,113.0
33483827,22.94
03349000,858.0
03349210,81.3
03349510,131.0
03350500,215.32
03350660,11.0
03351000,1219.0
03351201,1264.0
03351310,17.9
03351500,169.0
03351710,219.78
33521504,10.3
03352500,298.0
03352875,317.0
03353200,106.0
03353415,3.39
03353420,4.7
03353500,174.0
03353611,1898.0
03353620,15.6
03353670,28.7
03353800,212.0
03353910,48.0
03354000,2444.0
03357000,2988.0
03357350,3.0
03358000,245.0
03360000,830.0
03360500,4688.0
03360600,33.1
03361500,421.0
03361650,93.9
03361850,78.8
03361872,274.8
03362000,107.0
03362500,474.0
03363000,1060.0
03363500,303.0
03363900,534.0
03364000,1707.0
03364042,17.9
03364200,47.5
03364500,91.4
03364650,202.0
03366500,293.0
03368000,11.4
03369500,198.0
03371500,3861.0
03371600,38.13
03371650,76.1
03373500,4927.0
03373508,62.1
03373560,175.0
03373610,21.5
03374000,11125.0
03374100,11305.0
03376300,603.0
03376500,822.0
03377500,28635.0
03378000,228.0
03378500,29234.0
03378550,104.0
03379500,1131.0
03380500,464.0
03381500,3102.0
03381700,141000.0
03382100,147.0
03383000,255.0
03384100,605.0
03384450,42.9
394653084072100,
402913084285400,16.4
402958084363300,11.4
410014081362600,
410051081594500,3.31
03439000,67.9
03441000,40.4
03443000,296.0
344632850,48.9
03447687,640.0
344878100,104.0
344894205,14.5
03450000,5.46
03451000,130.0
03451500,945.0
03453500,1332.0
03454500,1567.0
03455000,1858.0
03455500,27.6
345577330,33.5
03456100,58.4
03456500,51.5
03456991,130.0
03459500,350.0
03460000,49.2
03460795,538.0
03461500,666.0
03463300,43.3
03465500,805.0
03466208,79.0
03467609,1688.4
03469251,31.5
03470000,353.0
03471500,76.6
03473000,303.0
03474000,132.0
03475000,206.0
03478400,26.9
03479000,92.1
347927164,3.37
03485500,137.0
03486000,692.0
03488000,221.0
03490000,671.0
03491000,47.3
03491544,4.67
03495005,67.2
03495405,12.44
03497300,106.0
03498500,269.0
34991109,15.17
03500000,140.0
350011450,49.1
03503000,436.0
03504000,51.9
03505550,145.0
03508050,147.0
03510577,360.0
03512000,184.0
03513000,655.0
351706800,206.0
03518500,118.0
03524000,533.0
03527000,1123.0
03527220,1154.0
03528000,1474.0
03529500,112.0
03531500,319.0
03532000,685.0
03535000,68.5
03535200,56.1
03535400,86.8
03535618,
03538830,91.79
03538970,8.07
03539600,139.0
03539778,170.0
03539800,518.0
03540500,764.0
03543500,117.0
03544970,39.5
03550000,104.0
03550500,74.8
03559500,352.0
03565500,57.0
03566420,18.8
03566535,74.0
03566700,169.0
03567340,148.0
03567500,428.0
03568400,48.7
03568933,146.0
03569190,5.07
03571000,402.0
03572110,131.0
03572690,44.1
03572900,141.0
03574100,44.9
03574500,320.0
357479650,33.0
03575100,375.0
03575830,49.0
03576148,136.0
03576250,119.0
03576500,86.3
03577225,40.9
03578000,65.6
03578500,41.3
03582000,827.0
03584045,375.0
03584600,1805.0
03586500,166.0
03588500,348.0
03590000,209.0
03592000,263.0
03592500,667.0
03593800,104.0
03594421,43.6
03596000,107.0
03597590,35.7
03597860,425.0
03598000,481.0
03598185,584.68
03599100,48.7
03599240,916.0
03599419,1029.0
03599450,74.0
03599500,1208.0
03600358,1433.31
03601600,1705.0
03601990,2048.0
03602500,193.0
03603000,2557.0
03604000,447.0
03604400,702.0
03605078,27.3
03606500,205.0
03610000,89.7
03610200,134.0
06006000,37.3
06016000,2730.0
06017000,2892.0
06018500,3618.0
06019500,534.0
06023000,970.0
06023100,4772.0
06024450,586.0
06024540,1275.0
06025250,2199.0
06025500,2472.0
06026210,2668.0
06026420,2790.7
06026500,7616.0
06027600,7759.0
06033000,381.0
06035000,85.9
06036650,9558.0
06036805,39.5
06036905,261.0
06036940,1.1
06037100,125.0
06037500,438.0
06038500,931.0
06038800,1093.0
06040000,1728.0
06041000,2212.9
06043120,537.6
06043500,819.0
06048650,226.0
06050000,48.5
06052500,1789.0
06054500,14641.0
06061500,192.0
06062500,33.0
06063000,98.7
06065500,16669.0
06066500,16924.0
06071300,391.0
06073500,322.0
06074000,18173.0
06076590,59.2
06076690,845.0
06077200,1087.0
06077500,1588.0
06078200,20605.0
06078500,259.0
06080900,610.0
06082200,814.0
06085800,1296.0
06088500,256.0
06089000,1774.0
06090300,22881.0
06090500,355.0
06090800,24297.0
06091700,250.0
06092020,366.1
06093200,153.0
06094900,102.0
06098120,481.0
06098800,526.8
06099000,1032.0
06099500,2716.0
06101200,818.0
06101500,4944.0
06102050,7027.0
06102500,110.0
06108000,1238.0
06108800,2027.0
06109500,34000.0
06110020,319.0
06111800,191.0
06114700,2747.0
06115200,40649.0
06119200,274.0
06119600,537.0
06123030,1518.0
06125600,2691.0
06126500,3998.0
06127500,4534.0
06130000,1855.0
06131200,110.0
06135000,2452.0
06137570,46.6
06137575,67.1
06138580,
06139500,1787.0
06139900,16.1
06142400,135.0
06153800,8924.7
06154100,9652.0
06155030,11134.0
06155500,11654.0
06164510,17691.0
06166000,1199.0
06167500,1804.89
06169500,322.0
06172310,21341.0
06174500,22452.0
06177000,80650.0
06177500,551.0
06178000,358.0
06181000,3170.0
06183450,955.0
06185110,2717.0
06185500,89858.0
06186500,995.0
06187915,30.9
06188000,668.0
06191000,199.0
06191500,2615.0
06192500,3551.0
06192980,53.9
06195600,846.0
06197800,38.9
06200000,525.0
06204050,53.0
06204070,66.4
06205000,936.0
06207500,1153.0
06208500,2045.0
06208790,
06209500,108.0
06211000,142.0
06211500,49.0
06214500,11807.0
06218500,230.0
06220800,1081.0
06221400,87.9
06224000,187.0
06227600,2196.0
06228000,2311.0
06228350,89.7
06235500,1905.0
06236100,4390.0
06253000,418.0
06274300,13226.0
06279500,15750.0
06279940,700.0
06281000,580.0
06285100,2390.0
06286490,
06287800,19900.0
06288400,20610.0
06289000,182.0
06293890,
06294500,22419.0
06295000,40152.0
06295113,124.0
06295220,645.0
06305700,413.0
06306300,1451.0
06307500,1783.0
06307616,2633.0
06307662,2900.0
06307830,3879.0
06308500,5404.0
06309000,48287.7
06309200,45.2
06317000,6050.0
06318500,120.0
06324500,8029.0
06326500,13060.0
06327500,66731.0
06328495,
06329500,69099.0
06331000,875.0
06331680,135.0
06332000,780.0
06332515,74.0
06332523,360.0
06332770,220.0
06334500,1974.0
06335500,4640.0
06335750,250.0
06336000,6190.0
06336600,616.0
06337000,8310.0
06337200,187.0
06339100,205.0
06339500,1230.0
06340000,549.0
06340010,1880.0
06340500,2240.0
06342260,146.0
06342450,108.0
06343000,311.0
06344600,152.0
06345500,1240.0
06345780,1530.0
06347000,221.0
06347500,456.0
06348300,2930.0
06348500,157.0
06349000,3310.0
06349500,1680.0
06349600,31.2
06350000,580.0
06351200,1640.0
06352000,553.0
06353000,1750.0
06354000,4100.0
06354050,4170.0
06354480,106.0
06354580,765.0
06354815,220.0
06354881,320.8
06355500,1200.0
06356500,1306.0
06357800,5316.0
06359500,2592.0
06360500,4889.0
06386500,5323.0
06395000,7171.0
06400000,959.0
06400875,188.0
06401500,9097.0
06402000,136.0
06402500,127.0
06402600,9792.0
06403300,105.0
06403700,10259.0
06404000,58.5
06404998,26.8
06406000,169.0
06406500,284.0
06407500,163.0
06408650,11208.0
06408700,7.84
06409000,79.1
06410500,293.0
06411500,321.0
06412500,374.0
06412810,
06414000,413.0
06418800,449.39
06421500,603.0
06422500,94.2
06423500,12679.0
06425100,211.0
06425500,548.0
06426500,1690.0
06428500,3232.0
06429997,
06430500,479.0
06430770,64.8
06430850,27.8
06431500,165.0
06433000,927.0
06434505,
06436000,4500.0
06436170,40.6
06436180,56.5
06436190,77.3
06436198,102.0
06437000,5798.0
06437020,15.7
06438000,7004.0
06438500,21351.0
06439000,1209.0
06440200,257.0
06441500,3147.0
06442130,76.9
06442600,614.0
06442900,378.0
06445685,1367.0
06446000,2156.0
06446500,4101.0
06446700,423.0
06447000,4960.0
06447230,273.0
06447450,6209.0
06447500,313.0
06449000,121.0
06449100,607.0
06449500,1033.0
06450500,1549.0
06452000,9915.0
06452320,747.0
06453600,812.0
06461500,7150.0
06463500,458.0
06463720,9810.0
06464100,535.0
06464500,1129.0
06465500,11580.0
06466400,
06466470,89.7
06466500,440.0
06468170,1060.0
06468250,1200.0
06469400,700.0
06469500,758.0
06470000,2820.0
06470800,357.0
06470878,5480.0
06471200,766.0
06471500,1505.0
06472000,8780.0
06473000,9712.0
06475000,13886.0
06477000,17613.0
06477500,588.0
06478000,19088.0
06478500,20672.0
06478513,20962.0
06478522,460.0
06478600,924.0
06478690,378.0
06479215,68.3
06479438,525.0
06479500,806.0
06479525,1096.0
06479770,2396.0
06480000,3338.0
06480650,101.0
06481000,3927.0
06481480,262.0
06481500,620.0
06482000,4642.0
06482020,4662.0
06482610,482.0
06483290,853.0
06483500,1592.0
06483950,7566.0
06485500,7879.0
06485910,8400.0
06486000,314600.0
06600100,268.0
06600900,51.2
06601000,174.0
06601200,316200.0
06602020,403.0
06602400,900.0
06605000,426.0
06605850,1548.0
06606600,2500.0
06607200,669.0
06608500,407.0
06609500,871.0
06610000,322800.0
06610720,97.6
06610732,129.0
06610750,32.0
06610770,218.0
06610785,58.9
06610793,121.0
06614800,1.54
06620000,1431.0
06622700,37.4
06623800,72.7
06625000,265.0
06630000,4175.0
06630465,46.3
06632400,62.9
06634060,163.0
06634620,969.0
06635000,2338.0
06638090,849.0
06646000,139.0
06652000,15025.0
06657000,16237.0
06670500,4564.0
06674500,22218.0
06680500,24500.0
06696980,23.9
06700000,1627.0
06701900,2028.0
06708600,26.9
06708690,137.0
06708800,116.0
06709000,275.0
06709530,316.0
06709740,2.45
06709910,14.7
06710150,11.2
06710247,3098.0
06710385,103.0
06711040,50.6
06711515,1.42
06711555,23.7
06711565,3391.0
06711570,1.96
06711575,3.98
06711618,5.55
06711780,15.7
06712000,169.0
06713500,410.0
06714400,11.3
06714800,12.0
06716500,147.0
06718550,60.0
06719505,394.0
06719560,9.06
06719840,10.4
06719845,12.7
06720990,107.0
06721000,5043.0
06724970,71.6
06727410,19.2
06730160,1.8
06730200,307.0
06730500,447.0
06730525,872.0
06741510,531.0
06746110,6.92
06751145,331.0
06751150,354.0
06751490,538.0
06752260,1128.0
06752280,1244.0
06759500,14648.0
06762500,1214.0
06764880,23900.0
06768000,56300.0
06768020,
06768025,
06768035,
06769000,175.0
06769525,
06770200,57260.0
06770500,57650.0
06772100,700.0
06772775,31.8
06772898,160.0
06773500,494.0
06774000,59300.0
06775500,1830.0
06775900,966.0
06777495,3800.0
06781600,
06781900,834.0
06784000,2320.0
06785000,8075.0
06785500,1890.0
06786000,2350.0
06790500,4302.0
06792500,
06793000,14320.0
06794000,677.0
06794650,
06795500,294.0
06796000,70400.0
06796500,
06797500,1400.0
06799000,2790.0
06799100,701.0
06799315,4360.0
06799350,4676.0
06799500,1015.0
06800000,368.0
06800500,6900.0
06801000,83600.0
06803000,167.0
06803093,60.0
06803300,10.6
06803420,
06803486,240.0
06803500,685.0
06803510,43.6
06803520,47.8
06803530,120.0
06803555,1050.0
06804000,273.0
06804700,416.0
06805500,85370.0
06806500,241.0
06807000,410000.0
06807410,609.0
06808500,1326.0
06809210,436.0
06809500,894.0
06810000,2806.0
06811500,792.0
06813000,508.0
06813500,414900.0
06814000,276.0
06814500,548.0
06815000,1339.0
06817000,762.0
06817500,1240.0
06817700,1520.0
06818000,426500.0
06819185,85.4
06820410,646.8
06820500,1760.0
06821080,65.4
06821150,234.0
06821190,2380.0
06821250,
06821500,1686.0
06823000,2370.0
06823500,172.0
06824000,23.6
06824500,4880.0
06827000,1860.0
06827500,2740.0
06828500,8200.0
06834000,1300.0
06835500,2990.0
06836500,361.0
06837000,12240.0
06838000,820.0
06843500,14460.0
06844500,15580.0
06845110,1488.0
06846500,1680.0
06847000,2080.0
06847500,3840.0
06847900,590.0
06848500,1007.0
06852500,
06853020,22100.0
06853500,22401.0
06853800,227.0
06854500,23560.0
06855850,380.0
06856000,23560.0
06856600,24542.0
06857100,24900.0
06860000,3555.0
06860900,616.0
06861000,5220.0
06862700,5760.0
06862850,5810.0
06863000,6033.0
06863420,338.0
06863500,549.0
06864000,6965.0
06864500,7580.0
06865500,7857.0
06866000,8110.0
06866500,8341.0
06866900,696.0
06867000,1502.0
06867500,212.0
06868850,2550.0
06869500,2820.0
06869950,261.0
06870300,117.0
06871000,849.0
06871500,341.0
06872500,2315.0
06873000,1040.0
06873460,1502.0
06874000,2012.0
06875900,5340.0
06876000,5440.0
06876440,6060.0
06876700,406.0
06876900,6770.0
06877600,19260.0
06878000,300.0
06878600,258.0
06879100,44870.0
06879650,4.44
06879810,86.0
06880800,1192.0
06881000,2710.0
06881380,
06882000,4447.0
06882510,4777.0
06883000,984.0
06883530,1264.0
06884000,2350.0
06884025,2752.0
06884200,344.0
06884400,3351.0
06885500,410.0
06887000,9640.0
06887500,55280.0
06888000,243.0
06888300,128.0
06888350,55870.0
06888500,318.0
06888990,56686.0
06889000,56720.0
06889200,149.0
06889500,290.0
06889630,33.5
06890100,431.0
06890900,1141.0
06891000,58460.0
06891080,58500.0
06891260,164.0
06891500,425.0
06891850,216.0
06892000,406.0
06892350,59756.0
06892360,53.4
06892495,58.4
06892513,58.1
06892518,59985.0
06893000,484100.0
06893080,46.0
06893150,93.1
06893300,26.6
06893350,20.5
06893390,64.17
06893500,188.0
06893557,12.2
06893578,256.0
06893620,9.5
06893750,13.6
06893820,98.2
06893830,5.14
06893970,8.4
06894000,184.0
06894200,44.4
06894650,485100.0
06895000,159.0
06895500,485900.0
06896000,256.0
06897500,2250.0
06898000,701.0
06899500,1720.0
06899700,391.0
06899900,118.0
06900050,355.0
06900800,6240.0
06901500,550.0
06902000,6880.0
06903400,182.0
06903700,168.0
06904010,740.0
06904500,1370.0
06904650,72.1
06905500,1870.0
06906000,267.0
06906150,23.0
06906200,112.0
06906500,498900.0
06906800,543.0
06907700,547.0
06908000,1120.0
06909000,500700.0
06909500,75.1
06909950,136.0
06910230,69.8
06910450,507500.0
06910750,561.0
06910800,177.0
06911000,351.0
06911490,97.8
06911900,114.0
06912500,322.0
06913000,1040.0
06913500,1250.0
06914000,334.0
06914500,513.0
06914950,28.7
06914990,7.86
06915000,143.0
06915800,2669.0
06916600,3250.0
06917000,314.0
06917060,498.0
06917560,455.0
06917630,3.38
06918060,1074.0
06918250,5670.0
06918440,257.0
06918460,252.0
06918493,13.7
06918740,237.0
06919020,1292.0
06919500,420.0
06919900,1810.0
06920520,37.8
06921070,276.0
06921200,112.0
06921500,655.0
06921590,356.0
06921600,670.0
06921720,414.0
06923250,377.0
06923940,522.0
06923950,598.0
06926000,14000.0
06926080,14070.0
06926290,303.0
06926510,14584.0
06927000,257.0
06927240,292.0
06928000,1250.0
06928300,165.0
06928420,273.0
06930000,560.0
06930060,593.0
06932000,200.0
06933500,2840.0
06934000,3180.0
06934500,522500.0
06935450,523200.0
06935550,523300.0
06935755,4.44
06935770,11.3
06935830,17.1
06935850,5.62
06935890,22.0
06935955,11.7
06935965,524000.0
394329104490101,34.6
394839104570300,187.0
401723105400000,0.66
401733105392404,2.62
402114105350101,39.8
04092677,
05200510,610.0
05207600,2850.0
05211000,3370.0
05212700,371.0
05227500,6140.0
05227530,
05242300,7320.0
05243725,58.9
05244000,1030.0
05245100,434.0
05247500,3760.0
05267000,11600.0
05270500,1030.0
05275000,559.0
05280000,2640.0
05283500,17280.0
05283500,17280.0
05286000,1360.0
05287890,86.0
05288490,96.4
05288500,19100.0
05288580,156.0
05288705,28.2
05289800,176.0
05291000,398.0
05292000,1160.0
05293000,459.0
05294000,905.0
05300000,960.0
05301000,4050.0
05304500,1880.0
05305000,
05311150,6390.0
05313500,666.0
05315000,259.0
05316500,629.0
05316580,8970.0
05316770,9590.0
05317000,1300.0
05317200,170.0
05319500,851.0
05320000,2410.0
05320500,1110.0
05325000,14900.0
05327000,238.0
05330000,16200.0
05331000,36800.0
05331580,37100.0
05331833,126.0
05333500,1580.0
05336700,868.0
05338500,974.0
05341550,7060.0
05341752,292.0
05342000,165.0
05344490,7650.0
05344500,44800.0
05345000,129.0
05353800,435.0
05354500,812.0
05355092,1160.0
05355200,1340.0
05355250,46900.0
05355250,46900.0
05356000,790.0
05356500,1650.0
05357206,3.8
05357215,8.43
05357225,7.96
05357230,3.58
05357245,46.2
05357335,81.3
05359500,609.0
05360500,1860.0
05362000,576.0
05363600,46.4
05364128,70.0
05365500,5650.0
05366800,6590.0
05367500,1090.0
05368000,418.0
05369500,9010.0
05370000,64.0
05372995,303.0
05378500,59200.0
05379400,552.0
05379500,643.0
05381000,749.0
53813595,1590.0
05382000,2080.0
05382257,5.1
05382267,60.7
05382284,38.4
05382325,167.0
05383075,471.0
05383950,565.0
05385000,1250.0
05385500,275.0
05387440,367.0
05387500,511.0
05388250,770.0
05389000,221.0
05389400,34.13
05391000,757.0
05393500,81.6
05394500,184.0
05395000,2760.0
05396000,303.0
05397500,375.0
05399500,224.0
05400625,16.6
05400760,5420.0
05401034,25.5
05401050,73.3
05401514,15.7
05402000,215.0
05403000,491.0
05403500,507.0
05404000,8090.0
05404140,
05404147,
05404150,
05405000,609.0
05406457,11.4
05406469,10.1
05406479,26.6
05406500,45.6
05407000,10400.0
05407468,110.0
05408000,266.0
05410490,687.0
05411600,177.0
05411850,641.0
05412020,903.0
05412400,348.0
05412500,1545.0
05413500,269.0
05414000,142.0
05414820,39.6
05416900,275.0
05418400,505.0
05418500,1553.0
05419000,246.0
05420500,85600.0
05420680,346.0
05421000,1048.0
05421740,1575.0
05422000,2336.0
05422600,57.3
05423500,63.6
05424157,656.0
05425500,969.0
05425912,157.0
05426000,762.0
05426067,35.9
05426250,122.0
05427085,2240.0
05427530,2560.0
05427718,73.6
05427850,114.0
05427880,24.8
05427910,48.3
05427927,9.95
05427943,9.7
05428500,235.0
05429369,7.15
05429500,327.0
05429700,407.0
05430150,82.6
05430175,518.0
05430500,3340.0
05431016,16.8
05431486,199.0
05432500,273.0
05433000,221.0
05434500,1034.0
05435500,1326.88
05435943,20.3
05435950,82.7
05436500,523.0
05437050,2556.0
05437500,6363.0
05438170,170.0
05438283,9.58
05438500,538.0
05439000,77.7
05439500,387.0
05440000,1099.0
05440700,7990.0
05443500,8753.0
05444000,146.0
05446500,9549.0
05447500,1003.0
05448000,62.4
05449500,429.0
05451500,1532.0
05451700,118.0
05451770,1882.0
05451900,56.1
05452000,201.0
05452200,70.9
05452500,2455.0
05453000,189.0
05453100,2794.0
05453520,3115.0
05454000,25.3
05454300,98.1
05454500,3271.0
05455100,201.0
05455500,574.0
05455700,4293.0
05457000,399.0
05458000,306.0
05458300,1547.0
05458500,1661.0
05458900,846.0
05459500,526.0
05462000,1746.0
05463000,347.0
05463050,4734.0
05463500,303.0
05464000,5146.0
05464220,299.0
05464315,6040.0
05464420,6342.0
05464475,16.7
05464500,6510.0
05464730,6830.0
05464780,7075.0
546494170,4.6
05465000,7787.0
05465100,12261.0
05465500,12500.0
05465700,12630.0
05466000,155.0
05466500,445.0
05467000,174.0
05469000,432.0
05470000,315.0
05470500,204.0
05471000,556.0
05471050,803.0
05471200,276.0
05471500,1635.0
05472500,730.0
05473400,530.0
05473450,58.0
05474000,4312.0
05476000,1250.0
05476590,1672.0
05476750,2256.0
05478265,884.0
05479000,1308.0
05480500,4190.0
05480820,418.0
05481000,844.0
05481300,5452.0
05481650,5841.0
05481950,358.0
05482000,6245.0
05482300,700.0
05482500,1619.0
05483450,375.0
05483600,440.0
05484000,994.0
05484500,3441.0
05484650,3529.0
05484800,78.4
05485640,92.7
05486000,349.0
05486490,489.4
05487470,460.0
05487520,11700.0
05487980,333.0
05488110,12330.0
05488500,12479.0
05489000,374.0
05489200,
05489500,13374.0
05490500,14038.0
05490600,14300.0
05495000,400.0
05495500,349.0
05496000,393.0
05498150,400.0
05498700,211.0
05500000,620.0
05501000,354.0
05502000,31.0
05502300,365.0
05502500,481.0
05503800,80.0
05504800,233.0
05506100,180.0
05506350,313.0
05506800,200.0
05507600,104.0
05508000,2480.0
05508805,206.0
05512500,39.4
05514500,903.0
05514840,61.0
05514860,102.0
05515500,542.0
05516500,294.0
05516665,377.0
05517000,435.0
05517500,1352.0
05517530,1376.0
05518000,1779.0
05520500,2294.0
05520980,11.36
05522500,203.0
05523865,23.3
05524500,449.0
05525000,686.0
05525500,446.0
05526000,2091.0
05527500,5150.0
05527800,123.0
05527950,61.0
05528000,232.0
05528100,273.0
05528500,19.6
05529000,360.0
05530000,13.2
05530100,403.8
05530990,30.5
05531300,91.5
05532000,17.9
05532500,630.0
05533000,16.5
05533400,13.0
05533600,690.1
05534500,19.7
05535000,13.0
05536000,100.0
05536085,112.4
05536162,18.7
05536179,37.6
05536190,70.7
05536195,90.0
05536215,24.7
05536235,23.1
05536255,23.5
05536265,8.84
05536290,208.0
05536310,12.6
05536356,
05536500,11.2
05536890,738.0
05537500,20.9
05537980,1502.0
05539000,107.5
05539900,28.5
05540060,18.1
05540095,90.7
05540130,123.0
05540160,26.6
05540195,11.1
05540228,
05540250,75.8
05540290,220.0
05540500,324.0
05541710,172.0
05542000,455.0
05542500,7483.0
05543500,8259.0
05543830,126.0
05544200,74.1
05545750,811.0
05548105,84.5
05548280,192.0
05549000,15.5
05549400,
05550001,1429.0
05550300,38.9
05550500,35.2
05551000,1556.0
05551200,51.7
05551330,27.6
05551700,70.2
05552500,2642.0
05554500,579.0
05555300,1251.0
05556500,196.0
05558300,13544.0
05560500,27.4
05561500,5.54
05564400,49.0
05565700,18.5
05567500,767.0
05568000,1073.0
05568500,15818.0
05568800,62.7
05569500,1072.0
05570000,1636.0
05570910,240.0
05572000,550.0
05573540,938.0
05576000,867.0
05576090,
05576193,
05576250,274.0
05576500,2618.0
05577500,107.0
05578000,3063.0
05578100,111.63
05578500,335.0
05579500,214.0
05579725,24.9
05580000,227.0
05580950,34.4
05582000,1804.0
05583000,5093.0
05584500,655.0
05585000,1293.0
05586100,26743.0
05587000,868.0
05587450,171300.0
09010500,63.8
09014050,76.4
09015000,190.0
09019000,312.0
09021000,134.0
09022000,10.5
09024000,27.6
09025300,1.67
09026500,32.9
09027100,115.0
09031700,
09032000,20.0
09032100,4.86
09032200,2.08
09032300,1.71
09032400,1.08
09033300,224.0
09034250,788.0
09034900,5.6
09035500,16.4
09035700,35.2
09035900,27.4
09036000,89.5
09037500,184.0
09038500,230.0
09040500,168.0
09041090,145.0
09041400,270.0
09041900,
09046600,123.0
09047500,57.7
09047700,9.14
09050100,92.2
09051050,18.4
09056500,
09057500,597.0
09058000,2379.0
09059500,84.7
09060799,2930.0
09061600,7.8
09063000,70.2
09063900,6.38
09064000,35.6
09065100,34.0
09065500,14.5
09066000,12.5
09066200,6.18
09066300,5.96
09066325,77.1
09066510,102.0
09067000,14.7
09067200,49.0
09070000,945.0
09070500,4390.0
09071295,6.07
09072550,9.03
09073005,15.1
09073300,75.8
09073400,106.0
09074500,43.1
09076000,41.7
09076300,289.0
09078475,12.0
09079450,34.5
09080400,237.0
09081000,859.0
09081600,167.0
09085000,1453.0
09085100,6014.0
09085500,55.0
09087500,180.0
09090785,201.0
09092570,7010.0
09093500,198.0
09095300,97.4
09095500,7986.0
09105000,592.0
09106150,8813.0
09107000,128.0
09107500,40.4
09108250,63.0
09110000,476.0
09110990,8.65
09111250,20.4
09112200,239.0
09112500,289.0
09113500,121.0
09113980,163.0
09114500,1011.0
09115500,148.0
09118450,334.0
09119000,1061.0
09123450,106.0
09124010,83.6
09124500,339.0
09127000,230.0
09128000,3971.0
09129600,167.0
09132095,233.0
09132500,525.0
09132960,57.9
09134100,744.0
09135920,66.9
09136100,969.0
09143000,27.4
09143500,38.5
09144250,5636.0
09146020,76.9
09147000,97.2
09147025,265.0
09147500,448.0
09149500,1114.0
09151500,209.0
09152500,7923.0
09153270,142.0
09163492,438.0
09163500,17849.0
09165000,106.0
09166500,504.0
09166950,71.2
09168730,1434.0
09169500,2025.0
09171100,2147.0
09171240,8.52
09171310,41.7
09172500,309.0
09174600,743.0
09177000,1500.0
09179450,4146.0
09180000,4580.0
09180500,24100.0
09183500,26.8
09184600,30.5
09185100,142.0
09185600,25406.0
09188500,468.0
09196500,75.8
09205000,1230.0
09209400,3910.0
09210500,152.0
09211200,4280.0
09213500,322.0
09215000,391.0
09217000,14000.0
09217900,130.0
09218500,152.0
09219200,324.4
09220000,53.0
09222400,963.0
09223000,128.0
09224700,3100.0
09229500,520.0
09234500,19400.0
09237450,206.0
09237500,228.0
09238900,25.6
09239500,567.0
09242500,448.0
09244490,1575.0
09246200,171.0
09246500,222.0
09247600,2128.0
09251000,3383.0
09253000,252.0
09255000,151.0
09257000,988.0
09258050,126.0
09258980,1200.0
09259700,3020.0
09260000,4034.0
09260050,7931.0
09261000,29660.0
09261700,77.2
09266500,101.0
09272400,31060.0
09277500,353.0
09279000,147.0
09285900,362.0
09288000,140.0
09288180,917.0
09289500,77.9
09291000,112.0
09292500,132.0
09295000,2643.0
09295100,2710.0
09296800,157.0
09299500,109.0
09301500,1064.0
09302000,3790.0
09304200,648.0
09304500,760.0
09304800,1042.0
09306200,506.0
09306222,652.0
09306242,31.8
09306255,262.0
09306290,2530.0
09306500,4020.0
09309600,0.01
09310500,60.1
09310700,29.1
09312600,75.6
09314500,1540.0
09315000,44850.0
09319000,0.01
09326500,138.0
09328500,1628.0
09328910,3123.0
09328920,48560.0
09328960,71200.0
09329050,24.0
09330000,751.0
09330500,105.0
09333500,4159.0
09337000,68.1
09337500,320.0
09342500,281.0
09346400,1250.0
09349800,653.0
09352800,130.0
09352900,72.5
09353800,340.0
09354500,519.0
09355500,3260.0
09357000,5350.0
09357700,
09358550,20.1
09359010,52.3
09359020,146.0
09359080,25.6
09361000,172.0
09361500,701.0
09362520,775.0
09363500,1090.0
09364010,1301.0
09364200,1340.0
09364500,1360.0
09365000,7240.0
09367000,351.0
09367500,583.0
09367540,7950.0
09367580,
09367958,
09368000,12900.0
09371000,526.0
93710009,
09371010,14600.0
09371492,34.5
09371520,234.0
09372000,345.0
09372200,720.0
09378170,8.64
09378630,3.77
09379025,639.0
09379200,3650.0
09379250,4100.0
09379500,23000.0
09380000,111800.0
09381800,647.0
09382000,1410.0
09383400,29.1
09384000,706.0
09385700,845.0
09386030,1007.0
09386300,1171.0
09386900,71.4
09386950,848.0
09390500,68.6
09394500,8072.0
09397000,11462.0
09397300,12384.0
09397500,271.0
09398000,785.0
09399400,295.0
09400350,16192.0
09400815,22.3
09401260,1629.0
09402000,26459.0
09402300,26972.0
09402500,141600.0
09403600,194.0
09403850,2367.0
09404104,1931.0
09404115,3020.0
09404200,149316.0
09404208,279.0
09404222,258.0
09404450,74.2
09404900,343.0
09405500,344.0
09406000,956.0
09406100,980.0
09408000,15.5
09408150,1493.0
09408195,1349.0
09408400,18.7
09409100,116.0
09410100,378.0
09413000,541.0
09413200,3853.0
09413500,4123.0
09413700,4415.0
09413900,58.0
09415000,5090.0
09415060,
09415510,
09415558,0.13
09415645,
09415900,
09415910,
09415927,
09417500,293.0
09418500,1670.0
09418700,
09419000,7044.0
09419530,13393.0
09419625,
09419665,144.0
94196781,215.0
94196783,1369.0
94196784,1518.0
09419679,
09419696,230.0
09419698,
09419700,2125.0
09419745,
09419747,
09419749,
09419753,2180.0
09419756,2190.0
09419800,2193.0
09423000,173300.0
09423560,
09424447,611.0
09424450,2742.0
09424580,
09424600,
09424900,1129.0
09426620,5337.0
09428500,
09428505,
09428510,
09429000,
09429030,
09429070,
09429100,182200.0
383103106594200,2133.0
383926107593001,66.7
385106106571000,73.4
391509108433001,
391953108130201,509.0
394220106431500,600.0
401530105475401,28.4
11335000,536.0
11342000,425.0
11345500,247.0
11348500,1431.0
11355010,3761.0
11355500,162.0
11370500,6468.0
11370700,
11372000,228.0
11374000,425.0
11376000,927.0
11376550,357.0
11377100,8900.0
11379500,92.4
11381500,131.0
11383500,208.0
11389500,12090.0
11390000,147.0
11390500,12915.0
11401920,79.8
11402000,184.0
11413000,250.0
11418500,84.6
11421000,1339.0
11424000,292.0
11425500,21251.0
11446500,1888.0
11447360,31.4
11447650,
11448750,17.1
11448800,49.4
11449255,104.5
11449500,36.6
11451000,528.0
11451100,60.2
11451715,94.9
11451800,964.0
11452500,1139.0
11453500,113.0
11453590,40.4
11454000,574.0
12301250,396.2
12301933,8999.0
12302055,842.0
12304500,792.0
12305000,11740.0
12306500,570.0
12308000,
12321500,97.0
12322000,13700.0
12323233,90.1
12323242,116.0
12323250,124.75
12323600,343.0
12323670,39.5
12323700,42.5
12323710,13.7
12323720,28.6
12323750,473.0
12323760,156.0
12323770,160.0
12323800,656.0
12323840,26.5
12324200,1001.0
12324400,1130.0
12324590,414.0
12324680,1774.0
12330000,70.5
12331500,490.0
12331800,2516.0
12332000,121.0
12334510,889.0
12334550,3657.0
12335100,498.0
12335500,119.0
12338300,310.0
12340000,2287.0
12340500,6021.0
12342500,317.0
12344000,1050.0
12350250,1944.0
12352500,2824.0
12353000,9017.0
12354000,304.0
12354500,10728.0
12355000,
12355500,1556.0
12358500,1125.0
12359800,1159.0
12362500,1668.0
12363000,4473.0
12363500,4500.0
12365700,596.0
12366000,170.0
12370000,672.0
12372000,7079.0
12377150,12.4
12381400,57.6
12388700,9024.0
12389000,19964.0
12389500,638.0
12390700,182.0
12391950,22067.0
12392155,118.0
12392300,124.0
12393501,
12395000,902.0
12395500,24200.0
12398600,25200.0
12399500,59700.0
12401500,2200.0
12404500,3800.0
12409000,1007.0
12411000,335.0
12413000,895.0
12413125,22.0
12413131,
12413210,182.0
12413355,207.0
12413470,299.0
12413500,1208.0
12413860,1453.0
12413875,108.0
12414500,1025.0
12414900,273.0
12415135,1721.0
12417650,3702.0
12422000,4220.0
12422990,127.0
12424000,689.0
12426000,5220.0
12431500,698.0
12433200,179.0
12434590,900.0
12438905,47.1
12439500,3195.0
12442500,3550.0
12444290,73.4
12444550,161.0
12445000,7260.0
12445500,68.2
12445900,119.0
12446150,36.7
12446400,64.6
12446995,148.0
12447200,8080.0
12447285,64.8
12447383,373.0
12447390,22.1
12448000,525.0
12448500,1007.0
12448998,245.0
12449500,1301.0
12449950,1772.0
12451000,321.0
12452500,924.0
12452550,
12452800,203.0
12452890,92.4
12452990,419.0
12456500,170.0
12457000,591.0
12458000,193.0
12459000,1000.0
12462500,1301.0
12464800,64.7
12465000,1042.0
12465400,327.0
12467000,2228.0
12472600,4840.0
12484500,1594.0
12488500,78.9
12500450,3479.0
12502500,173.0
12505450,
12506000,122.0
12508990,5359.0
12510500,5615.0
13010065,486.0
13010065,486.0
13010065,486.0
13011000,807.0
13011000,807.0
13011000,807.0
13011000,807.0
13011500,169.0
13011500,169.0
13011500,169.0
13011820,32.05
13011900,323.0
13011900,323.0
13011900,323.0
13013650,1677.0
13014500,622.0
13015000,683.0
13016305,14.9
13016450,71.1
13018300,10.6
13018750,2627.0
13018750,2627.0
13018750,2627.0
13019500,564.0
13019500,564.0
13022500,3465.0
13022500,3465.0
13022500,3465.0
13023000,448.0
13027500,829.0
13032500,5225.0
13037500,5752.0
13038000,
13038500,5810.0
13039500,94.6
13040500,
13042500,501.0
13046995,323.0
13047500,329.0
13047600,337.0
13049500,503.0
13050500,1770.0
13052200,337.0
13055000,876.0
13055250,
13055340,1070.0
13056500,2920.0
13057000,
13057940,568.0
13058000,627.0
13058520,
13058529,
13062500,9950.0
13063000,333.0
13066000,897.0
13068495,
13068500,1295.0
13069500,11310.0
13071010,
13073000,576.0
13074400,
13075000,353.0
13075500,1256.0
13075910,1305.0
13075983,18.0
13078000,409.0
13079300,
13087995,
13089500,0.22
13090500,22360.0
13092747,259.0
13094000,22990.0
13105000,1401.0
13108150,2180.0
13135500,137.0
13135520,40.0
13136550,
13137000,94.3
13137300,56.7
13137500,64.3
13138000,86.1
13139510,614.0
13140335,695.0
13140800,748.0
13141500,626.0
13142500,1611.0
13147900,248.0
13148500,310.0
13150430,70.0
13152500,2990.0
13154500,35800.0
13159800,70.5
13161500,382.0
13161930,
13162225,30.6
13168500,2686.0
13172500,41900.0
13174500,209.0
13175100,391.0
13176400,2140.0
13181000,8000.0
13183000,11160.0
13185000,832.0
13186000,641.0
13190500,978.0
13200000,397.0
13206000,2773.0
13206305,2778.0
13206400,13.84
13210045,
13210810,180.0
13210831,4.5
13210980,4.7
132109867,
13211205,3363.0
13212549,12.33
13212890,
13213000,3906.0
13213072,89.0
13215480,697.0
13233300,3880.0
13235000,446.0
13236500,109.0
13237920,337.0
13239000,144.0
13240000,48.9
13246000,921.0
13247500,2220.0
13250000,2760.0
13251000,3240.0
13258500,597.0
13265500,288.0
13266000,1450.0
13269000,69200.0
13290450,73300.0
13295000,147.0
13296000,189.0
13296500,807.0
13297330,29.1
13297350,6.29
13297355,71.6
13297380,1200.0
13302005,830.0
13302500,3737.0
13304050,
13304700,
13305000,897.0
13305310,1216.0
13306370,188.0
13306385,41.1
13307000,6239.0
13309220,1042.0
13310199,2876.0
13310700,330.0
13311000,19.3
13311250,
13311450,
13313000,218.0
13316500,576.0
13317000,13421.0
13317660,
13325000,10.3
13331500,240.0
13333000,3275.0
13334300,92960.0
13335050,323.0
13336500,1915.0
13337000,1178.0
13338500,1168.0
13338950,208.0
13339500,243.0
13340000,5507.0
13340600,1296.0
13341050,7976.0
13341140,225.0
13341570,583.0
13342450,264.0
13342500,9283.0
13344500,431.0
13345000,317.0
13346800,17.7
13348000,132.0
13351000,2500.0
14013000,59.6
14013700,92.7
14015000,95.7
14015350,
14018500,1657.0
14020000,131.0
14020300,176.0
14020850,441.0
14034470,67.9
14034500,96.8
14034608,147.0
14036860,40.14
14038530,386.0
14043840,256.0
14044000,515.0
14046500,5090.0
14046778,267.0
14048000,7580.0
14070624,
14070900,5.35
14076500,2705.0
14087380,4520.0
14087400,4557.0
14091500,316.0
14092750,22.9
14093000,104.0
14096850,145.0
14097100,526.0
14101500,417.0
14103000,10500.0
14105700,237000.0
14107000,151.0
14111400,759.0
14113000,1297.0
14113200,41.5
14120000,279.0
14123500,386.0
14137000,264.0
14138720,5.08
14138800,8.17
14138850,47.9
14138870,5.46
14138900,8.32
14139800,15.7
14140000,107.0
14141500,23.1
14142500,436.0
14142800,11.1
14144700,241000.0
14145500,392.0
14148000,924.0
14150000,1001.0
14150800,43.9
14152000,1340.0
14153500,104.0
14154500,211.0
14155500,270.0
14157500,642.0
14158500,92.4
14158740,160.0
14158790,15.6
14158798,21.4
14158850,184.0
14159200,160.0
14159500,208.0
14161500,24.1
14162200,87.7
14162450,42.1
14162500,930.0
14163000,47.6
14163900,1081.0
14164550,26.0
14164700,
14164900,1140.0
14165000,177.0
14165500,1337.0
14166000,3420.0
14166500,89.3
14169000,252.0
14170000,391.0
14171000,159.0
14171600,4420.0
14174000,4840.0
14178000,216.0
14179000,108.0
14180300,26.0
14181500,453.0
14182500,112.0
14183000,654.35
14184100,736.0
14185000,174.0
14185900,99.2
14187000,51.8
14187200,557.0
14187500,640.0
14187600,
14188610,1.03
14188800,109.73
14189000,1790.0
14190500,240.0
14191000,7280.0
14194150,528.0
14197900,8350.0
14198400,0.78
14199704,0.61
14200000,323.0
14201300,15.0
14201340,314.0
14202000,479.0
14203500,125.0
14205350,27.6
14206241,
14206900,2.37
14206950,31.5
14207500,706.0
14208700,54.4
14209000,124.0
14209250,141.0
14209500,479.0
14209700,45.1
14210000,671.0
14211010,940.0
14211315,6.28
14211400,15.36
14211499,4.69
14211500,26.8
14211542,3.08
14211542,3.08
14211542,3.08
14211550,53.17
14211720,11200.0
14211814,4.94
14211820,
14216000,227.0
14216500,135.0
14219000,64.1
14219800,12.6
14220500,731.0
14222500,125.0
14226500,287.0
14231000,541.0
14231900,250.0
14236200,141.0
14240525,146.0
14242580,496.0
14243000,2238.0
14246900,256900.0
07079300,49.9
07079300,49.9
07081200,99.1
07081200,99.1
07083000,23.5
07083000,23.5
07083000,23.5
07083710,238.0
07083710,238.0
07086000,427.0
07086000,427.0
07087050,546.0
07087050,546.0
07091200,1055.0
07091200,1055.0
07094500,2459.0
07094500,2459.0
07096000,3117.0
07096000,3117.0
07096250,271.0
07096250,271.0
07097000,4024.0
07097000,4024.0
07099050,122.0
07099050,122.0
07099060,138.0
07099060,138.0
07099230,62.3
07099230,62.3
07099238,71.5
07099238,71.5
07099400,4670.0
07099400,4670.0
07099400,4670.0
07100300,43.6
07100300,43.6
07100750,1.01
07100750,1.01
07103780,81.4
07103780,81.4
07103791,
07103792,
07103792,
07103797,7.23
07103797,7.23
07103960,16.2
07103960,16.2
07103980,10.2
07103980,10.2
07103980,10.2
07103990,18.9
07103990,18.9
07104000,203.0
07104000,203.0
07104905,235.0
07104905,235.0
07104905,235.0
07105000,6.89
07105000,6.89
07105000,6.89
07105490,21.7
07105490,21.7
07105490,21.7
07105530,413.0
07105530,413.0
07105780,
07105780,
07105780,
07105780,
07105800,500.0
07105800,500.0
07105800,500.0
07105815,
07105815,
07105815,
07105815,
07105820,
07105820,
07105820,
07105820,
07105900,65.4
07105900,65.4
07105940,26.8
07105940,26.8
07106000,672.0
07106000,672.0
07106000,672.0
07106000,672.0
07106000,672.0
07106000,672.0
07106300,865.0
07106300,865.0
07106500,925.0
07106500,925.0
07106500,925.0
07106500,925.0
07108900,474.0
07108900,474.0
07109500,6254.0
07109500,6254.0
07109500,6254.0
07109500,6254.0
07109500,6254.0
07109500,6254.0
07116500,1859.0
07116500,1859.0
07119500,1074.0
07119500,1074.0
07119700,10901.0
07119700,10901.0
07121500,506.0
07121500,506.0
07124000,14245.0
07124000,14245.0
07124000,14245.0
07124000,14245.0
07124200,505.0
07124200,505.0
07124410,673.0
07124410,673.0
07124410,673.0
07124410,673.0
07126200,162.0
07126200,162.0
07126300,1914.0
07126300,1914.0
07126300,1914.0
07126300,1914.0
07126300,1914.0
07126300,1914.0
07126485,2758.0
07126485,2758.0
07126485,2758.0
07126485,2758.0
07126485,2758.0
07126485,2758.0
07126485,2758.0
07128500,3441.0
07128500,3441.0
07133000,19743.0
07133000,19743.0
07134100,3216.0
07134100,3216.0
07134100,3216.0
07134180,23500.0
07134180,23500.0
07134990,175.0
07134990,175.0
07135500,25073.0
07135500,25073.0
07137000,
07137000,
07137000,
07137010,
07137010,
07137500,25410.0
07137500,25410.0
07137500,25410.0
07137500,25410.0
07138000,25763.0
07138000,25763.0
07138020,26028.0
07138020,26028.0
07138050,
07138050,
07138050,
07138063,
07138063,
07138064,
07138064,
07138070,26964.0
07138070,26964.0
07138075,
07138075,
07139000,27071.0
07139000,27071.0
07139500,30600.0
07140850,1091.0
07140850,1091.0
07140880,221.0
07140880,221.0
07140890,238.0
07140890,238.0
07140900,311.0
07140900,311.0
07141000,405.0
07141000,405.0
07141200,2148.0
07141200,2148.0
07141220,34002.0
07141220,34002.0
07141300,34356.0
07141300,34356.0
07141780,1256.0
07141780,1256.0
07141900,1618.0
07141900,1618.0
07142019,1500.0
07142019,1500.0
07142300,697.0
07142300,697.0
07142575,1047.0
07142575,1047.0
07142680,36015.0
07142680,36015.0
07143300,728.0
07143300,728.0
07143310,859.5
07143330,38910.0
07143330,38910.0
07143375,39110.0
07143375,39110.0
07143665,736.0
07143665,736.0
07143672,759.0
07143672,759.0
07143672,759.0
07143672,759.0
07143672,759.0
07143672,759.0
07143672,759.0
07143672,759.0
07143672,759.0
07143672,759.0
07144050,173.6
07144050,173.6
07144100,1239.0
07144100,1239.0
07144100,1239.0
07144100,1239.0
07144100,1239.0
07144100,1239.0
07144100,1239.0
07144100,1239.0
07144100,1239.0
07144100,1239.0
07144100,1239.0
07144200,1327.0
07144200,1327.0
07144200,1327.0
07144300,40490.0
07144300,40490.0
07144480,86.0
07144480,86.0
07144480,86.0
07144486,16.1
07144486,16.1
07144490,115.0
07144490,115.0
07144550,40830.0
07144550,40830.0
07144570,40870.0
07144570,40870.0
07144780,713.0
07144780,713.0
07144780,713.0
07144780,713.0
07144780,713.0
07144780,713.0
07144780,713.0
07144780,713.0
07144910,117.0
07144910,117.0
07145200,597.0
07145200,597.0
07145500,2129.0
07145500,2129.0
07145600,43801.0
07145600,43801.0
07145700,154.0
07145700,154.0
07146500,43713.0
07146500,43713.0
07146800,62.0
07146800,62.0
07147070,426.0
07147070,426.0
07147800,1880.0
07147800,1880.0
07148111,388.0
07148111,388.0
07148400,982.0
07148400,982.0
07148400,982.0
07149000,903.0
07149000,903.0
07151000,4470.0
07151000,4470.0
07151000,4470.0
07151500,794.0
07151500,794.0
07152000,1876.0
07152000,1876.0
07152500,54208.0
07152500,54208.0
07152500,54208.0
07153000,538.0
07153000,538.0
07153000,538.0
07154500,1208.0
07154500,1208.0
07154500,1208.0
07155590,2899.0
07155590,2899.0
07156900,8486.0
07156900,8486.0
07156900,8486.0
07157500,1157.0
07157500,1157.0
07157740,11120.0
07157740,11120.0
07157940,657.0
07157940,657.0
07157950,12205.0
07157950,12205.0
07157950,12205.0
07158000,13399.0
07158000,13399.0
07158000,13399.0
07159100,15809.0
07159100,15809.0
07159100,15809.0
07160000,17006.0
07160000,17006.0
07160300,36.2
07160300,36.2
07160300,36.2
07160350,70.0
07160350,70.0
07160350,70.0
07160350,70.0
07160350,70.0
07160500,412.0
07160500,412.0
07160500,412.0
07161450,18117.0
07161450,18117.0
07161450,18117.0
07164500,74460.0
07164500,74460.0
07164500,74460.0
07164600,11.6
07164600,11.6
07165562,17.9
07165562,17.9
07165565,5.48
07165565,5.48
07165570,75293.0
07165570,75293.0
07165570,75293.0
07165750,292.0
07165750,292.0
07166500,1094.0
07166500,1094.0
07167500,129.0
07167500,129.0
07169500,827.0
07169500,827.0
07169800,220.0
07169800,220.0
07170500,2892.0
07170500,2892.0
07170700,37.0
07170990,3342.0
07170990,3342.0
07171000,3584.0
07171000,3584.0
07172000,445.0
07172000,445.0
07174400,1369.0
07174400,1369.0
07175500,1936.0
07175500,1936.0
07175500,1936.0
07176321,161.0
07176321,161.0
07176950,115.0
07176950,115.0
07177500,907.0
07177500,907.0
07177500,907.0
07177500,907.0
07177500,907.0
07177500,907.0
07177500,907.0
07177650,8.11
07177650,8.11
07177800,8.23
07177800,8.23
07178000,1017.0
07178000,1017.0
07178200,1123.0
07178200,1123.0
07178200,1123.0
07178200,1123.0
07178200,1123.0
07178200,1123.0
07179300,74.6
07179300,74.6
07179500,265.0
07179500,265.0
07179700,120.0
07179700,120.0
07179710,528.0
07179730,622.0
07179730,622.0
07179750,757.0
07179750,757.0
07179785,103.0
07179785,103.0
07180200,502.0
07180400,754.0
07180400,754.0
07182000,1327.0
07182000,1327.0
07182200,190.0
07182200,190.0
07182250,1740.0
07182250,1740.0
07182260,1833.0
07182260,1833.0
07182390,2753.0
07182390,2753.0
07182390,2753.0
07182390,2753.0
07182390,2753.0
07182510,3042.0
07182510,3042.0
07182510,3042.0
07182510,3042.0
07182510,3042.0
07183000,3723.0
07183000,3723.0
07183500,4905.0
07183500,4905.0
07184000,197.0
07184000,197.0
07184500,211.0
07184500,211.0
07185000,5926.0
07185000,5926.0
07185000,5926.0
07185030,18.5
07185030,18.5
07185090,34.4
07185090,34.4
07185095,44.7
07185095,44.7
07185095,44.7
07185700,306.0
07185700,306.0
07185765,425.0
07185765,425.0
07185765,425.0
07185910,515.0
07185910,515.0
07186000,1164.0
07186000,1164.0
07187000,427.0
07187000,427.0
07187600,2448.0
07187600,2448.0
07188000,2516.0
07188000,2516.0
07188000,2516.0
07188005,6.27
07188005,6.27
07188653,141.0
07188653,141.0
07188653,141.0
07188838,195.0
07188838,195.0
07188838,195.0
07188885,239.0
07188885,239.0
07188885,239.0
07189100,60.8
07189100,60.8
07189540,8.0
07189540,8.0
07189542,48.7
07189542,48.7
07189700,21.9
07189700,21.9
07189710,43.99
07189710,43.99
07190500,10385.0
07190500,10385.0
07190500,10385.0
07191000,450.0
07191000,450.0
07191160,89.5
07191160,89.5
07191160,89.5
07191179,103.0
07191179,103.0
07191179,103.0
07191220,132.0
07191220,132.0
07191220,132.0
71912213,163.0
71912213,163.0
71912213,163.0
71912213,163.0
71912213,163.0
71912213,163.0
07191222,59.1
07191222,59.1
07191222,59.1
07191222,59.1
07191265,27.19
07191265,27.19
07191265,27.19
07191288,359.0
07191288,359.0
07191288,359.0
07191288,359.0
07191288,359.0
07191500,11580.0
07191500,11580.0
07194500,96472.0
07194500,96472.0
07194800,167.0
07194800,167.0
71948095,
71948095,
71948095,
71948095,
71948095,
71948095,
07194880,34.7
07194880,34.7
07194880,34.7
07194906,5.4
07194906,5.4
07194906,5.4
07194933,35.0
07194933,35.0
07194933,35.0
07194933,35.0
07194933,35.0
07195000,130.0
07195000,130.0
07195400,509.0
07195400,509.0
07195400,509.0
07195430,575.0
07195430,575.0
07195800,14.2
07195800,14.2
07195855,59.8
07195855,59.8
07195855,59.8
07195865,19.1
07195865,19.1
07196000,116.0
07196000,116.0
07196000,116.0
07196090,825.0
07196090,825.0
07196090,825.0
07196500,950.0
07196500,950.0
07196500,950.0
07196900,40.6
07196900,40.6
07196900,40.6
07197000,312.0
07197000,312.0
07197000,312.0
07197360,90.2
07197360,90.2
07197360,90.2
07198000,1615.0
07198000,1615.0
07198000,1615.0
07198000,1615.0
07198000,1615.0
07202500,
07202500,
07203000,344.0
07203000,344.0
07207000,294.0
07207000,294.0
07207500,171.0
07207500,171.0
07208500,65.0
07208500,65.0
07211500,2850.0
07211500,2850.0
07214470,
07214470,
07214470,
07215500,174.0
07215500,174.0
07216500,267.0
07216500,267.0
07218000,242.0
07218000,242.0
07221500,6015.0
07221500,6015.0
07222500,523.0
07226500,1748.0
07226500,1748.0
07227000,11141.0
07227000,11141.0
07227100,786.0
07227100,786.0
07227420,94.7
07227420,94.7
07227420,94.7
07227500,19445.0
07227500,19445.0
07227500,19445.0
07227500,19445.0
07227890,407.2
07227890,407.2
07228000,22866.0
07228000,22866.0
07228650,
07228940,25134.0
07228940,25134.0
07228940,25134.0
07229050,25296.0
07229050,25296.0
07229300,202.0
07229300,202.0
07229300,202.0
07230500,463.0
07230500,463.0
07231000,888.0
07231000,888.0
07231500,27417.0
07231500,27417.0
07231500,27417.0
07231500,27417.0
07232470,2281.0
07232470,2281.0
07233500,1076.0
07233500,1076.0
07234000,7986.0
07234000,7986.0
07234000,7986.0
07235000,697.0
07235000,697.0
07235000,697.0
07235600,1457.0
07235600,1457.0
07235600,1457.0
07237500,11883.0
07237500,11883.0
07237500,11883.0
07238000,12555.0
07238000,12555.0
07238000,12555.0
07239300,13023.0
07239300,13023.0
07239300,13023.0
07239450,13239.0
07239450,13239.0
07239450,13239.0
07239450,13239.0
07239450,13239.0
07239450,13239.0
07239700,13456.0
07239700,13456.0
07239700,13456.0
07239700,13456.0
07241520,13688.0
07241520,13688.0
07241520,13688.0
07241520,13688.0
07241520,13688.0
07241550,13775.0
07241550,13775.0
07241550,13775.0
07241550,13775.0
07241550,13775.0
07241550,13775.0
07241780,24.68
07241780,24.68
07241800,14005.0
07241800,14005.0
07242000,14549.0
07242000,14549.0
07242000,14549.0
07242380,527.0
07242380,527.0
07243500,2004.0
07243500,2004.0
07243500,2004.0
07245000,47283.0
07245000,47283.0
07245000,47283.0
07247000,203.0
07247000,203.0
07247015,268.0
07247015,268.0
07247250,94.3
07247250,94.3
07249400,147.0
07249400,147.0
07249413,1785.0
07249413,1785.0
07249413,1785.0
07249455,145940.0
07249455,145940.0
07249800,236.0
07249800,236.0
07249800,236.0
07249920,102.0
07249920,102.0
07249985,420.0
07249985,420.0
07249985,420.0
07250085,432.0
07250085,432.0
07250085,432.0
07250500,150482.0
07250550,151000.0
07250550,151000.0
07250550,151000.0
07250550,151000.0
07250550,151000.0
07250550,151000.0
07250550,151000.0
07250550,151000.0
07250550,151000.0
07250550,151000.0
07250550,151000.0
07250550,151000.0
07250550,151000.0
07250550,151000.0
07250550,151000.0
07250550,151000.0
07250550,151000.0
07250550,151000.0
07250550,151000.0
07250550,151000.0
07250935,19.8
07250935,19.8
07250935,19.8
07250965,54.2
07250965,54.2
07250965,54.2
07250974,6.9
07250974,6.9
07251500,216.0
07251500,216.0
07252000,373.0
07252000,373.0
07252000,373.0
07257006,306.0
07257006,306.0
07257006,306.0
07257500,241.0
07257500,241.0
07257500,241.0
07257693,2.15
07257693,2.15
07257693,2.15
07258500,241.0
07258500,241.0
07258500,241.0
07259950,
07259950,
07260500,764.0
07260500,764.0
07260500,764.0
07260673,222.0
07260673,222.0
07260800,155000.0
07260800,155000.0
07261000,169.0
07261000,169.0
07261000,169.0
07261090,23.6
07261090,23.6
07261090,23.6
07261500,410.0
07261500,410.0
07261500,410.0
07263000,210.0
07263000,210.0
07263012,957.0
07263012,957.0
07263012,957.0
07263295,46.1
07263295,46.1
07263295,46.1
07263296,73.0
07263296,73.0
07263296,73.0
07263296,73.0
07263296,73.0
07263296,73.0
07263296,73.0
07263296,73.0
72632962,8.7
72632962,8.7
72632962,8.7
72632963,
72632966,89.4
72632966,89.4
72632966,89.4
72632966,89.4
72632966,89.4
72632966,89.4
72632966,89.4
72632971,2.5
72632971,2.5
72632982,4.96
72632982,4.96
07263300,137.0
07263300,137.0
07263300,137.0
07263500,158000.0
07263555,98.8
07263555,98.8
07263555,98.8
07263555,98.8
07263580,20.5
07263580,20.5
07263580,20.5
07263605,168.0
07263605,168.0
07263605,168.0
07263605,168.0
07263875,
07263875,
07263878,
07263878,
07263878,
07263878,
07263878,
07263878,
72638805,
72638805,
72638805,
72638805,
72638805,
72638805,
07264000,
07264000,
07264000,
07264000,
07264200,
07264200,
07264200,
07264200,
07264500,
07264500,
07264500,
07264500,
07265000,
07265000,
383619104520401,
383619104520401,
383637104531301,
383637104531301,
384048104504901,
384048104504901,
01312000,192.0
01312000,192.0
01315170,6.86
01315170,6.86
01315170,6.86
01315170,6.86
01315227,0.35
01315500,792.0
01315500,792.0
01317000,527.0
01318500,1664.0
01318500,1664.0
01321000,491.0
01321000,491.0
01325000,1055.0
01325000,1055.0
01327500,
01327500,
01329490,396.0
01329490,396.0
01330000,24.9
01330000,24.9
01332500,126.0
01332500,126.0
01333000,42.6
01333000,42.6
01334000,111.0
01334000,111.0
01334500,510.0
01334500,510.0
01335754,4605.0
01335754,4605.0
01336000,152.0
01336000,152.0
01337005,58.5
01337005,58.5
01338000,144.0
01338000,144.0
01339060,59.8
01339060,59.8
01342602,553.0
01342602,553.0
01342730,26.4
01342730,26.4
01342743,21.7
01342743,21.7
01343060,238.0
01343060,238.0
01343403,60.9
01343403,60.9
01344795,44.8
01344795,44.8
01346000,560.0
01346000,560.0
01347000,1342.0
01347000,1342.0
01348000,289.0
01348000,289.0
01349000,61.0
01349000,61.0
01349150,59.7
01349150,59.7
01349527,2118.0
01349527,2118.0
01349527,2118.0
01349711,4.97
01349711,4.97
01349950,68.6
01349950,68.6
01350000,237.0
01350000,237.0
01350000,237.0
01350080,32.4
01350080,32.4
01350120,10.9
01350120,10.9
01350140,16.2
01350140,16.2
01350180,358.0
01350180,358.0
01350212,405.0
01350212,405.0
01350355,444.0
01350355,444.0
01350355,444.0
01350480,18.1
01350480,18.1
01350500,534.0
01350500,534.0
01351200,99.0
01351200,99.0
01351298,102.0
01351298,102.0
01351500,886.0
01351500,886.0
01351500,886.0
01354083,3152.0
01354083,3152.0
01354083,3152.0
01354500,3310.0
01354500,3310.0
01354500,3310.0
01354500,3310.0
01356000,3371.0
01356000,3371.0
01360640,9.48
01360640,9.48
01361000,329.0
01361000,329.0
01362200,63.7
01362200,63.7
01362200,63.7
01362297,3.53
01362297,3.53
01362297,3.53
01362368,3.83
01362368,3.83
01362368,3.83
01362487,25.0
01362487,25.0
01362487,25.0
01362497,16.5
01362497,16.5
01362497,16.5
01362497,16.5
01362500,192.0
01362500,192.0
01362500,192.0
01362500,192.0
01363382,17.0
01363382,17.0
01363556,279.0
01363556,279.0
01363556,279.0
01364500,419.0
01364500,419.0
01364500,419.0
01365000,38.3
01365000,38.3
01365500,20.9
01365500,20.9
01367500,383.0
01367500,383.0
01368050,152.0
01368050,152.0
01370520,429.0
01370520,429.0
01371500,695.0
01371500,695.0
02330450,44.7
02331000,150.0
23312495,93.9
02331600,315.0
02333500,153.0
02334430,1040.0
02334480,9.37
02334578,5.06
02334620,6.9
02334653,1090.0
02334885,47.1
02335000,1170.0
02335350,8.87
02335450,1220.0
02335580,37.4
02335700,72.0
02335757,103.0
02335790,16.1
02335815,1370.0
23358685,12.57
02335870,30.7
02335880,1420.0
02335910,18.6
02336000,1450.0
02336030,1.53
02336106,31.6
02336120,34.8
02336152,5.62
23362095,3.26
02336240,27.6
02336300,86.8
02336313,2.71
02336340,17.8
02336360,26.6
02336410,37.7
02336490,1590.0
02336517,7.64
02336526,13.4
02336635,31.5
02336728,33.9
02336840,97.7
02336870,23.7
02336910,157.0
02336968,44.5
02336986,13.5
02337000,238.0
02337040,262.0
02337170,2060.0
02337410,66.5
02337498,34.6
02337500,35.5
02338000,2430.0
02338500,2680.0
02338523,16.8
02338660,127.0
02338840,91.0
02339495,86.4
02339500,3550.0
02341460,4630.0
02341800,342.0
02342500,322.0
02342850,121.0
02342881,5910.0
02343225,295.0
23432415,7460.0
02343940,64.2
02344143,6.51
02344396,160.0
02344478,12.9
02344500,272.0
02344605,38.1
02344620,24.1
02344630,69.4
02344655,12.6
02344673,18.4
02344700,101.0
02344872,794.0
02346180,1220.0
02346310,9.51
02347500,1850.0
02349605,2920.0
02349900,47.5
02350512,3880.0
02350600,197.0
02350900,527.0
02351500,140.0
02351890,362.0
02352500,5310.0
02353000,5740.0
02353265,301.0
02353400,181.0
02353500,620.0
02354350,118.0
02354475,22.4
02354500,320.0
02354800,1000.0
02355350,1040.0
02355662,6930.0
02356000,7570.0
02357000,490.0
02357150,571.0
02358000,17200.0
08079600,
08080505,
08080700,
08082700,
08083100,
08083235,
08083240,
08083420,
08083430,
08083480,
08084000,
08084200,
08084800,
08085500,
08086050,
08086212,
08086290,
08086500,
08088000,
08088430,
08088470,
08088610,
08089000,
08090800,
08090905,
08091000,
08091500,
08092000,
08093100,
08093360,
08094800,
08095300,
08095400,
08096500,
08098300,
08099382,
08099500,
08100000,
08100500,
08101000,
08102595,
08103800,
08103900,
08103940,
08104100,
08104300,
08104500,
810464660,
08104900,
08105095,
08105505,
08105700,
08105883,
08105886,
08105888,
08106050,
08106350,
08106500,
08107950,
08108250,
08108700,
08108780,
08109700,
08109800,
08110000,
08110100,
08110200,
08110325,
08110430,
08110500,
08110800,
08111500,
01129200,254.0
01129500,799.0
01130000,232.0
01131500,1514.0
01133000,53.8
01134500,75.2
01135100,0.18
01135150,3.25
01135300,42.9
01135500,436.0
01137500,87.6
01138500,2644.0
01139000,98.4
01139800,8.95
01142500,30.5
01144000,690.0
01144500,4092.0
01150900,23.4
01151500,221.0
01152010,46.1
01152500,269.0
01153000,158.0
01153550,112.0
01154500,5493.0
01154950,74.6
01155500,179.0
01157000,71.1
01158000,101.0
01158110,115.0
01160350,316.0
01161000,420.0
01162000,81.8
01162500,19.4
01163200,34.1
01166500,372.0
01168250,6.47
01168500,361.0
01169000,89.0
01169900,24.1
01170000,557.0
01170100,41.4
01170500,7860.0
01171500,52.6
01172010,8332.0
01172500,55.1
01173000,96.3
01173500,197.0
01174500,43.7
01174565,12.6
01175500,189.0
01175670,8.81
01176000,150.0
01177000,689.0
01179500,161.0
01181000,94.0
01183500,497.0
01184000,9660.0
01184100,10.4
01184490,15.5
01185500,91.7
01186000,131.0
01186500,85.0
01187300,19.9
01187800,23.5
01188000,4.1
01188090,378.0
01189000,45.8
01189995,577.0
01191000,26.8
01192500,73.4
01192883,29.8
01415460,7.91
01417000,372.0
01417500,458.0
01419500,62.6
01420500,241.0
01421000,784.0
01421610,16.0
01421618,14.3
01421900,134.0
01422500,49.8
01422747,24.7
01422779,22.3
01423000,332.0
142400103,20.2
01424998,456.0
01425000,456.0
01425805,58.2
01426500,595.0
01427195,46.9
01427207,1590.0
01427500,110.0
01427510,1820.0
01428000,45.6
01428500,2020.0
01428750,40.6
01429000,59.7
01429301,46.4
01429500,64.6
01429500,64.6
01429500,64.6
01429500,64.6
01430000,164.0
01431500,290.0
01432055,542.0
01432110,589.0
01432160,2659.0
01432495,74.5
01432900,76.6
01433005,116.0
01433500,200.0
01434000,3076.0
143400680,8.93
01434017,22.9
01434021,0.83
01434025,3.72
01434498,33.8
01435000,66.6
01436000,92.6
01436655,28.4
01436690,171.0
01437100,10.3
01437349,63.7
01437500,307.0
01438500,3480.0
01439500,117.0
01439590,7.27
01440000,64.0
01440400,65.9
01440485,6.59
01441495,38.9
01442500,259.0
01443280,13.0
01443500,126.0
01443900,5.34
01445000,31.0
01445500,106.0
01446000,36.7
01446500,4535.0
01446775,31.1
01446776,31.1
01447500,91.7
01447680,20.0
01447720,118.0
01447800,290.0
01449000,591.0
01449360,49.9
01449800,96.4
01450500,76.7
01451000,889.0
01451380,21.3
01451400,23.7
01451467,3.98
01451467,3.98
01451467,3.98
01451467,3.98
01451500,80.8
01451630,14.5
01451650,98.2
01451800,53.0
01452000,75.8
01452500,44.5
01453000,1279.0
01454700,1359.0
01455290,55.9
01455500,25.3
01457000,141.0
01457500,6328.0
01459500,97.4
01460378,
01463500,6780.0
01463620,34.3
01463740,3.99
01464000,90.6
01464290,23.5
01464500,81.5
01464645,16.2
01464720,31.5
01464750,91.0
01464899,11.6
01464907,26.8
01464984,40.06
01465200,157.0
01465500,210.0
01465798,21.4
01465850,64.5
146587310,14.9
01466500,2.35
01466900,77.9
01467000,118.0
01467042,37.9
01467048,49.8
01467081,8.98
01467086,16.7
01467087,30.4
01467150,17.0
01468500,133.0
01469500,42.9
01470500,355.0
01470755,157.0
01470761,194.0
01470779,70.4
01470960,175.0
01471000,211.0
01471510,880.0
01471875,56.9
01472000,1147.0
01472157,59.1
01472198,38.0
01472199,23.0
01472620,4.05
01472810,58.7
01473000,279.0
01473169,20.8
01473470,20.4
01473500,1760.0
01473900,40.8
01474000,64.0
01474500,1893.0
01475001,6.24
01475510,37.4
01475530,4.78
01475548,19.9
01475850,15.8
01476480,30.5
01477000,61.1
01477120,26.9
01477800,7.46
01478000,20.5
01478100,2.79
01478120,11.3
01478137,1.34
01478185,4.68
01478245,59.2
01478650,69.0
01478950,5.89
01479000,89.1
01479820,28.3
01480000,47.0
01480015,52.4
01480017,0.89
01480300,18.7
01480400,4.55
01480500,45.8
01480617,55.0
01480629,22.6
01480638,6.39
01480675,8.57
01480685,20.3
01480700,60.6
01480870,89.9
01481000,287.0
01481500,314.0
02111000,28.8
02111180,50.9
211139110,367.0
02111500,89.2
02112000,504.0
02112250,866.0
02113850,231.0
02114450,42.8
02115360,1694.0
02116500,2280.0
02118000,306.0
02118500,155.0
02120780,118.0
02121500,174.0
02123500,342.0
02123629,5.62
212378405,4694.0
212393300,20.8
02124080,21.9
212414900,34.6
212419274,22.7
02124269,7.45
212427947,2.5
212430293,12.6
212430653,5.76
212433550,278.0
212466000,12.6
212467451,8.5
212467595,11.0
02126000,1380.0
02128000,106.0
02129000,6863.0
02130561,7780.0
02130840,51.7
02130900,108.0
02130910,173.0
02130980,438.0
02131000,8830.0
02131010,8850.0
02131472,24.6
02131500,675.0
02132000,1030.0
02132320,83.3
02132500,524.0
02133500,183.0
02133624,365.0
02134170,708.0
02134480,229.0
02134500,1228.0
02134900,1670.0
02135000,2790.0
02135200,14100.0
07295500,1660.0
07297910,3754.0
07298500,6082.0
07299540,7725.0
07299670,303.0
07299890,74.0
07300000,1222.0
07300500,1454.0
07301110,1983.0
07301300,1368.6
07301410,297.0
07301420,437.0
07301500,2652.0
07303400,438.0
07305000,4560.0
07307028,5010.0
07308200,3488.0
07308500,20570.0
07311000,694.0
07311500,604.0
07311700,937.0
07311800,584.0
07311900,1874.0
07312100,2086.0
07312110,
07312200,652.0
07312500,3140.0
07312700,3439.0
07314500,481.0
07314900,1037.0
07315200,178.0
07315500,28723.0
07315700,574.0
07316000,30728.0
07316500,775.0
07324200,1367.0
07324400,1526.0
07325000,1961.0
07325800,132.0
07325840,19.1
07327442,13.3
07328100,4768.0
07328180,7.19
07328500,5306.0
07329780,16.4
73298507,3.73
07329852,44.1
07331000,7172.0
07331185,21.07
07331200,46.8
07331205,49.51
07331295,33.0
07331300,66.2
07331383,94.3
07331600,39720.0
07332305,44.9
07332307,49.2
07332348,122.96
07332390,162.0
07332500,477.0
07332605,144.0
07332622,370.0
07332655,396.0
07334000,1089.0
07334800,649.0
07335300,2262.0
07335500,44445.0
07335700,39.6
07335790,699.0
07336200,1129.0
07336820,47268.0
07337000,48000.0
07337900,320.0
07338500,1228.0
07338750,322.0
07339000,800.0
07340000,2660.0
07340300,89.6
07341200,256.0
07341500,52336.0
07342470,189.0
07342480,44.1
07342500,527.0
07343000,276.0
07343200,1365.0
07343356,191.0
07343450,1976.0
07343500,494.0
07343840,748.0
07344100,89.9
07344210,3443.0
07344370,56903.0
02137727,126.0
02138500,66.7
02138520,386.261
02140991,201.0
214183365,33.9
214192500,46.1
214196125,1310.0
02142000,28.2
214244102,1450.0
02142654,10.2
214265808,7.29
214265828,0.9
214266000,26.3
214266080,3.55
214269560,36.4
02142900,16.4
02142914,5.28
214291555,31.5
214295600,10.4
214297160,4.47
02143000,83.2
02143040,25.7
02143500,69.2
02144000,31.8
02145000,628.0
02145268,7.27
21457492,40.3
02145910,3020.0
21459367,16.9
02146000,3050.0
02146110,5.8
02146211,5.97
214627970,9.07
02146285,11.1
02146315,5.71
02146348,9.14
02146381,65.3
02146409,11.8
214642825,5.2
214645022,19.0
02146470,2.63
02146507,42.6
02146530,49.2
214655255,7.33
02146562,5.71
214657975,8.37
02146600,38.6
02146670,17.8
02146700,6.95
02146750,92.4
214676115,95.9
214678175,6.91
02146800,262.0
214685800,20.3
21473415,16.7
21473426,9.6
21473428,29.7
02147403,280.0
02147500,194.0
02147659,14.8
02148000,5070.0
02149000,79.0
02150495,86.2
02151500,875.0
02152100,60.5
02152474,190.0
02153200,1320.0
02153551,1550.0
02153590,27.9
02153700,24.3
02154500,116.0
02154790,55.4
02155500,212.0
21556525,273.0
02156300,74.7
02156370,503.0
21564493,2740.0
02156500,2780.0
02156999,34.1
02157000,44.4
02157510,69.0
02158408,94.4
02160105,759.0
02160325,9.05
02160326,84.2
02160381,12.9
02160390,249.0
02160700,444.0
02161000,4790.0
02162035,5230.0
02162093,5.67
02162287,
02162290,17.8
02162350,21.0
21623950,5.76
21623975,44.1
02162500,298.0
02162550,341.0
02163001,414.0
02163500,580.0
02164000,48.6
02164110,110.0
21650905,251.0
02165200,29.5
21652801,36.9
02166501,1170.0
02167000,1360.0
02167450,224.0
02167582,115.0
02167705,110.0
02168504,2420.0
02168810,
02169000,2520.0
02169500,7850.0
02169505,2.15
02169570,59.6
02171500,14700.0
02171645,14800.0
02176930,46.7
02177000,207.0
02178400,58.4
02180400,24.0
02181350,181.0
02181580,184.4
02185010,21.7
02186000,106.0
02186645,65.4
02186702,48.6
02187910,111.0
02188600,72.0
02191227,60.4
02191300,760.0
02192000,1420.0
02192500,217.0
02193340,33.9
02193500,292.0
02195320,106.0
02196000,545.0
02196485,
02196690,155.0
02196835,10.5
21968385,13.4
02197000,7330.0
02197300,87.0
21973269,8300.0
