<metadata><idinfo><citation><citeinfo><origin>US Environmental Protection Agency</origin><origin>US Geological Survey</origin><pubdate>20150101</pubdate><title>Gage Locations (GageLoc.shp) indexed to the NHDPlus Version 2.1 stream network</title><geoform>Vector Digital Data Set (Point)</geoform></citeinfo></citation><descript><abstract>The locations of approximately 26,000 current and historical U.S. Geological Survey (USGS) surface-water monitoring gaging stations have been indexed to the NHDPlus Version 2.1 stream network. Part of the USGS National Water Information System (NWIS), these gaging stations measure water flow and water levels in streams and lakes. The NHDPlus V2 stream network locations for these gaging stations differ from stations' latitude/longitude provided in NWIS. The NWIS coordinates are frequently not coincidenet with the NHDPlus stream network.</abstract><purpose>The purpose of this dataset is to provide the locations of USGS gaging stations indexed to the NHDPlus Version 2.1 linear stream network. Considerable review and revision has gone into the NHDPlus locations provided in this dataset. For each USGS gaging station, the station ID, and the NHDPlus Reachcode and Measure are provided. The ComID (common identifier) of the NHDFlowline feature of the gage location is also given. These linkages to the NHDPlus linear stream network enable the use of these gaging stations for a variety of hydrologic analysis applications. Examples include the development of regional or national statistical models of streamflow and water-quality.</purpose></descript><timeperd><timeinfo><sngdate><caldate>20120101</caldate></sngdate></timeinfo><current>publication date</current></timeperd><status><progress>Complete</progress><update>None planned</update></status><spdom><bounding><westbc>-159.751902944</westbc><eastbc>-65.3024744726</eastbc><northbc>49.000036324</northbc><southbc>17.9490683574</southbc></bounding></spdom><keywords><theme><themekt>USGS Thesaurus</themekt><themekey>water quality</themekey></theme><theme><themekt>Alexandria Digital Library Feature Type Thesaurus</themekt><themekey>hydrographic structures</themekey></theme><theme><themekt>ISO 19115 Topic Categories</themekt><themekey>structure</themekey><themekey>inlandWaters</themekey></theme><theme><themekt>Theme</themekt><themekey>Point event</themekey><themekey>NHD</themekey><themekey>Gaging station</themekey><themekey>Hydro linked data</themekey><themekey>Stream gages</themekey><themekey>Linear referencing</themekey><themekey>Linked data</themekey><themekey>HEM</themekey><themekey>NHDPlus</themekey></theme></keywords><accconst>None. Please see 'Distribution Info' for details.</accconst><useconst>None. Users are advised to read the data set's metadata thoroughly to understand appropriate use and data limitations.</useconst><ptcontac><cntinfo><cntorgp><cntorg>U.S. Environmental Protection Agency</cntorg></cntorgp><cntemail>NHDPlus@hscnet.com</cntemail></cntinfo></ptcontac><native>Environment as of Metadata Creation: Microsoft Windows 7 Version 6.1 (Build 7601) Service Pack 1; Esri ArcGIS 10.2.2 (Build 3552) Service Pack N/A (Build N/A)</native></idinfo><dataqual><attracc><attraccr>No formal attribute accuracy tests were conducted.</attraccr></attracc><logic>No formal logical accuracy tests were conducted.</logic><complete>Data set is considered complete for the information presented, as described in the abstract. Users are advised to read the rest of the metadata record carefully for additional details.</complete><posacc><horizpa><horizpar>A formal accuracy assessment of the horizontal positional information in the data set has not been conducted.</horizpar></horizpa><vertacc><vertaccr>A formal accuracy assessment of the vertical positional information in the data set has either not been conducted, or is not applicable.</vertaccr></vertacc></posacc><lineage><procstep><procdesc>Development of the data set by the agency / individuals identified in the 'Originator' element in the Identification Info section of the record.</procdesc><procdate>unknown</procdate></procstep></lineage></dataqual><spdoinfo><direct>Point</direct><ptvctinf><esriterm Name="GageLoc"><efeatyp Sync="TRUE">Simple</efeatyp><efeageom code="1" Sync="TRUE"></efeageom><esritopo Sync="TRUE">FALSE</esritopo><efeacnt Sync="TRUE">28164</efeacnt><spindex Sync="TRUE">FALSE</spindex><linrefer Sync="TRUE">TRUE</linrefer></esriterm></ptvctinf></spdoinfo><spref><horizsys><geograph><latres>0.0197754019</latres><longres>0.0235889593</longres><geogunit>Decimal seconds</geogunit></geograph><geodetic><horizdn>D_North_American_1983</horizdn><ellips>GRS_1980</ellips><semiaxis>6378137.0</semiaxis><denflat>298.257222101</denflat></geodetic></horizsys></spref><eainfo><detailed Name="GageLoc"><enttyp><enttypl>Attribute Table</enttypl><enttypd>Table containing attribute information associated with the data set.</enttypd><enttypds>Producer defined</enttypds><enttypt Sync="TRUE">Feature Class</enttypt><enttypc Sync="TRUE">28164</enttypc></enttyp><attr><attrlabl Sync="TRUE">FID</attrlabl><attalias Sync="TRUE">FID</attalias><attrtype Sync="TRUE">OID</attrtype><attwidth Sync="TRUE">4</attwidth><atprecis Sync="TRUE">0</atprecis><attscale Sync="TRUE">0</attscale><attrdef Sync="TRUE">Internal feature number.</attrdef><attrdefs Sync="TRUE">Esri</attrdefs><attrdomv><udom Sync="TRUE">Sequential unique whole numbers that are automatically generated.</udom></attrdomv></attr><attr><attrlabl Sync="TRUE">Shape</attrlabl><attalias Sync="TRUE">Shape</attalias><attrtype Sync="TRUE">Geometry</attrtype><attwidth Sync="TRUE">0</attwidth><atprecis Sync="TRUE">0</atprecis><attscale Sync="TRUE">0</attscale><attrdef Sync="TRUE">Feature geometry.</attrdef><attrdefs Sync="TRUE">Esri</attrdefs><attrdomv><udom Sync="TRUE">Coordinates defining the features.</udom></attrdomv></attr><attr><attrlabl>COMID</attrlabl><attrdef>Unknown</attrdef><attrdefs>Producer defined</attrdefs><attrdomv><rdom><rdommin>0</rdommin><rdommax>0</rdommax></rdom></attrdomv><attalias Sync="TRUE">COMID</attalias><attrtype Sync="TRUE">Integer</attrtype><attwidth Sync="TRUE">9</attwidth><atprecis Sync="TRUE">9</atprecis><attscale Sync="TRUE">0</attscale></attr><attr><attrlabl>EVENTDATE</attrlabl><attrdef>Unknown</attrdef><attrdefs>Producer defined</attrdefs><attrdomv><rdom><rdommin>3/7/2012</rdommin><rdommax>5/13/2015</rdommax></rdom></attrdomv><attalias Sync="TRUE">EVENTDATE</attalias><attrtype Sync="TRUE">Date</attrtype><attwidth Sync="TRUE">8</attwidth><atprecis Sync="TRUE">0</atprecis><attscale Sync="TRUE">0</attscale></attr><attr><attrlabl>REACHCODE</attrlabl><attrdef>Unknown</attrdef><attrdefs>Producer defined</attrdefs><attrdomv><udom>Unknown</udom></attrdomv><attalias Sync="TRUE">REACHCODE</attalias><attrtype Sync="TRUE">String</attrtype><attwidth Sync="TRUE">14</attwidth><atprecis Sync="TRUE">0</atprecis><attscale Sync="TRUE">0</attscale></attr><attr><attrlabl>REACHSMDAT</attrlabl><attrdef>Unknown</attrdef><attrdefs>Producer defined</attrdefs><attrdomv><rdom><rdommin>2/27/2012</rdommin><rdommax>3/2/2015</rdommax></rdom></attrdomv><attalias Sync="TRUE">REACHSMDAT</attalias><attrtype Sync="TRUE">Date</attrtype><attwidth Sync="TRUE">8</attwidth><atprecis Sync="TRUE">0</atprecis><attscale Sync="TRUE">0</attscale></attr><attr><attrlabl>REACHRESOL</attrlabl><attrdef>Unknown</attrdef><attrdefs>Producer defined</attrdefs><attrdomv><edom><edomv>High</edomv><edomvd>Unknown</edomvd><edomvds>Producer defined</edomvds></edom></attrdomv><attrdomv><edom><edomv>Medium</edomv><edomvd>Unknown</edomvd><edomvds>Producer defined</edomvds></edom></attrdomv><attalias Sync="TRUE">REACHRESOL</attalias><attrtype Sync="TRUE">String</attrtype><attwidth Sync="TRUE">7</attwidth><atprecis Sync="TRUE">0</atprecis><attscale Sync="TRUE">0</attscale></attr><attr><attrlabl>FEATURECOM</attrlabl><attrdef>Unknown</attrdef><attrdefs>Producer defined</attrdefs><attrdomv><rdom><rdommin>0</rdommin><rdommax>0</rdommax></rdom></attrdomv><attalias Sync="TRUE">FEATURECOM</attalias><attrtype Sync="TRUE">Integer</attrtype><attwidth Sync="TRUE">9</attwidth><atprecis Sync="TRUE">9</atprecis><attscale Sync="TRUE">0</attscale></attr><attr><attrlabl>FEATURECLA</attrlabl><attrdef>Unknown</attrdef><attrdefs>Producer defined</attrdefs><attrdomv><rdom><rdommin>0</rdommin><rdommax>0</rdommax></rdom></attrdomv><attalias Sync="TRUE">FEATURECLA</attalias><attrtype Sync="TRUE">Integer</attrtype><attwidth Sync="TRUE">9</attwidth><atprecis Sync="TRUE">9</atprecis><attscale Sync="TRUE">0</attscale></attr><attr><attrlabl>SOURCE_ORI</attrlabl><attrdef>Unknown</attrdef><attrdefs>Producer defined</attrdefs><attrdomv><edom><edomv>United States Geological Survey (USGS)</edomv><edomvd>Unknown</edomvd><edomvds>Producer defined</edomvds></edom></attrdomv><attrdomv><edom><edomv>USGS, Water Resources Division</edomv><edomvd>Unknown</edomvd><edomvds>Producer defined</edomvds></edom></attrdomv><attalias Sync="TRUE">SOURCE_ORI</attalias><attrtype Sync="TRUE">String</attrtype><attwidth Sync="TRUE">130</attwidth><atprecis Sync="TRUE">0</atprecis><attscale Sync="TRUE">0</attscale></attr><attr><attrlabl>SOURCE_DAT</attrlabl><attrdef>Unknown</attrdef><attrdefs>Producer defined</attrdefs><attrdomv><edom><edomv>{Null Value / Empty Field Entry}</edomv><edomvd>Unknown</edomvd><edomvds>Producer defined</edomvds></edom></attrdomv><attrdomv><edom><edomv>National Water Information System (NWIS)</edomv><edomvd>Unknown</edomvd><edomvds>Producer defined</edomvds></edom></attrdomv><attalias Sync="TRUE">SOURCE_DAT</attalias><attrtype Sync="TRUE">String</attrtype><attwidth Sync="TRUE">100</attwidth><atprecis Sync="TRUE">0</atprecis><attscale Sync="TRUE">0</attscale></attr><attr><attrlabl>SOURCE_FEA</attrlabl><attrdef>Unknown</attrdef><attrdefs>Producer defined</attrdefs><attrdomv><udom>Unknown</udom></attrdomv><attalias Sync="TRUE">SOURCE_FEA</attalias><attrtype Sync="TRUE">String</attrtype><attwidth Sync="TRUE">40</attwidth><atprecis Sync="TRUE">0</atprecis><attscale Sync="TRUE">0</attscale></attr><attr><attrlabl>FEATUREDET</attrlabl><attrdef>Unknown</attrdef><attrdefs>Producer defined</attrdefs><attrdomv><udom>Unknown</udom></attrdomv><attalias Sync="TRUE">FEATUREDET</attalias><attrtype Sync="TRUE">String</attrtype><attwidth Sync="TRUE">254</attwidth><atprecis Sync="TRUE">0</atprecis><attscale Sync="TRUE">0</attscale></attr><attr><attrlabl>Measure</attrlabl><attrdef>Unknown</attrdef><attrdefs>Producer defined</attrdefs><attrdomv><rdom><rdommin>0</rdommin><rdommax>100</rdommax></rdom></attrdomv><attalias Sync="TRUE">Measure</attalias><attrtype Sync="TRUE">Double</attrtype><attwidth Sync="TRUE">11</attwidth><atprecis Sync="TRUE">10</atprecis><attscale Sync="TRUE">5</attscale></attr><attr><attrlabl>Offset</attrlabl><attrdef>Unknown</attrdef><attrdefs>Producer defined</attrdefs><attrdomv><rdom><rdommin>0</rdommin><rdommax>0</rdommax></rdom></attrdomv><attalias Sync="TRUE">Offset</attalias><attrtype Sync="TRUE">Double</attrtype><attwidth Sync="TRUE">19</attwidth><atprecis Sync="TRUE">0</atprecis><attscale Sync="TRUE">0</attscale></attr><attr><attrlabl>EventType</attrlabl><attrdef>Unknown</attrdef><attrdefs>Producer defined</attrdefs><attrdomv><edom><edomv>StreamGage</edomv><edomvd>Unknown</edomvd><edomvds>Producer defined</edomvds></edom></attrdomv><attalias Sync="TRUE">EventType</attalias><attrtype Sync="TRUE">String</attrtype><attwidth Sync="TRUE">100</attwidth><atprecis Sync="TRUE">0</atprecis><attscale Sync="TRUE">0</attscale></attr><attr><attrlabl>FLComID</attrlabl><attrdef>Unknown</attrdef><attrdefs>Producer defined</attrdefs><attrdomv><rdom><rdommin>3109</rdommin><rdommax>948100389</rdommax></rdom></attrdomv><attalias Sync="TRUE">FLComID</attalias><attrtype Sync="TRUE">Integer</attrtype><attwidth Sync="TRUE">9</attwidth><atprecis Sync="TRUE">9</atprecis><attscale Sync="TRUE">0</attscale></attr></detailed><overview><eaover>The entity and attribute information provided here describes the tabular data associated with the data set. Please review the detailed descriptions that are provided (the individual attribute descriptions) for information on the values that appear as fields/table entries of the data set.</eaover><eadetcit>The entity and attribute information was generated by the individual and/or agency identified as the originator of the data set. Please review the rest of the metadata record for additional details and information.</eadetcit></overview></eainfo><distinfo><distrib><cntinfo><cntorgp><cntorg>U.S. Environmental Protection Agency</cntorg></cntorgp><cntemail>NHDPlus@hscnet.com</cntemail></cntinfo></distrib><distliab>Distributor assumes no liability for misuse of data.</distliab><stdorder><digform><digtinfo><formname>Vector Digital Data Set (Point)</formname></digtinfo><digtopt><onlinopt><computer><networka><networkr>http://www.horizon-systems.com/nhdplus/NHDplusV2_home.php</networkr></networka></computer></onlinopt></digtopt></digform><fees>None. No fees are applicable for obtaining the data set.</fees></stdorder></distinfo><metainfo><metd>20160629</metd><metc><cntinfo><cntorgp><cntorg>U.S. Environmental Protection Agency</cntorg><cntper>NHDPlus team</cntper></cntorgp><cntemail>NHDPlus@hscnet.com</cntemail></cntinfo></metc><metstdn>FGDC Content Standard for Digital Geospatial Metadata</metstdn><metstdv>FGDC-STD-001-1998</metstdv><mettc>local time</mettc></metainfo><dataIdInfo><envirDesc Sync="TRUE">Microsoft Windows 7 Version 6.1 (Build 7601) Service Pack 1; Esri ArcGIS 10.2.2.3552</envirDesc><dataLang><languageCode value="eng" Sync="TRUE"></languageCode><countryCode value="USA" Sync="TRUE"></countryCode></dataLang><idCitation><resTitle Sync="TRUE">GageLoc</resTitle><presForm><PresFormCd value="005" Sync="TRUE"></PresFormCd></presForm></idCitation><spatRpType><SpatRepTypCd value="001" Sync="TRUE"></SpatRepTypCd></spatRpType><dataExt><vertEle><vertMinVal Sync="TRUE">0.000000</vertMinVal><vertMaxVal Sync="TRUE">0.000000</vertMaxVal></vertEle><geoEle/></dataExt><dataExt><geoEle><GeoBndBox esriExtentType="search"><exTypeCode Sync="TRUE">1</exTypeCode><westBL Sync="TRUE">-159.751903</westBL><eastBL Sync="TRUE">-65.302474</eastBL><northBL Sync="TRUE">49.000036</northBL><southBL Sync="TRUE">17.949068</southBL></GeoBndBox></geoEle></dataExt></dataIdInfo><mdLang><languageCode value="eng" Sync="TRUE"></languageCode><countryCode value="USA" Sync="TRUE"></countryCode></mdLang><Esri><DataProperties><itemProps><itemName Sync="TRUE">GageLoc</itemName><imsContentType Sync="TRUE">002</imsContentType><nativeExtBox><westBL Sync="TRUE">-159.751903</westBL><eastBL Sync="TRUE">-65.302474</eastBL><southBL Sync="TRUE">17.949068</southBL><northBL Sync="TRUE">49.000036</northBL><exTypeCode Sync="TRUE">1</exTypeCode></nativeExtBox><itemSize Sync="TRUE">1.182</itemSize><itemLocation><linkage Sync="TRUE">file://\\IGSKBTHILT133\F\NHDPlus\NHDPlusNationalData\GageLoc.shp</linkage><protocol Sync="TRUE">Local Area Network</protocol></itemLocation></itemProps><coordRef><type Sync="TRUE">Geographic</type><geogcsn Sync="TRUE">GCS_North_American_1983</geogcsn><csUnits Sync="TRUE">Angular Unit: Degree (0.017453)</csUnits><peXml Sync="TRUE">&lt;GeographicCoordinateSystem xsi:type='typens:GeographicCoordinateSystem' xmlns:xsi='http://www.w3.org/2001/XMLSchema-instance' xmlns:xs='http://www.w3.org/2001/XMLSchema' xmlns:typens='http://www.esri.com/schemas/ArcGIS/10.1'&gt;&lt;WKT&gt;GEOGCS[&amp;quot;GCS_North_American_1983&amp;quot;,DATUM[&amp;quot;D_North_American_1983&amp;quot;,SPHEROID[&amp;quot;GRS_1980&amp;quot;,6378137.0,298.257222101]],PRIMEM[&amp;quot;Greenwich&amp;quot;,0.0],UNIT[&amp;quot;Degree&amp;quot;,0.0174532925199433],AUTHORITY[&amp;quot;EPSG&amp;quot;,4269]]&lt;/WKT&gt;&lt;XOrigin&gt;-400&lt;/XOrigin&gt;&lt;YOrigin&gt;-400&lt;/YOrigin&gt;&lt;XYScale&gt;11258999068426.238&lt;/XYScale&gt;&lt;ZOrigin&gt;-100000&lt;/ZOrigin&gt;&lt;ZScale&gt;10000&lt;/ZScale&gt;&lt;MOrigin&gt;-1023.741847&lt;/MOrigin&gt;&lt;MScale&gt;4194304001953.124&lt;/MScale&gt;&lt;XYTolerance&gt;8.9831528411952133e-009&lt;/XYTolerance&gt;&lt;ZTolerance&gt;0.001&lt;/ZTolerance&gt;&lt;MTolerance&gt;0.001&lt;/MTolerance&gt;&lt;HighPrecision&gt;true&lt;/HighPrecision&gt;&lt;LeftLongitude&gt;-180&lt;/LeftLongitude&gt;&lt;WKID&gt;4269&lt;/WKID&gt;&lt;LatestWKID&gt;4269&lt;/LatestWKID&gt;&lt;/GeographicCoordinateSystem&gt;</peXml></coordRef></DataProperties><SyncDate>20160629</SyncDate><SyncTime>13461700</SyncTime><ModDate>20160629</ModDate><ModTime>13461700</ModTime></Esri><distInfo><distFormat><formatName Sync="TRUE">Shapefile</formatName></distFormat><distTranOps><transSize Sync="TRUE">1.182</transSize></distTranOps></distInfo><mdHrLv><ScopeCd value="005" Sync="TRUE"></ScopeCd></mdHrLv><mdHrLvName Sync="TRUE">dataset</mdHrLvName><refSysInfo><RefSystem><refSysID><identCode code="4269" Sync="TRUE"></identCode><idCodeSpace Sync="TRUE">EPSG</idCodeSpace><idVersion Sync="TRUE">8.2.6</idVersion></refSysID></RefSystem></refSysInfo><spatRepInfo><VectSpatRep><geometObjs Name="GageLoc"><geoObjTyp><GeoObjTypCd value="004" Sync="TRUE"></GeoObjTypCd></geoObjTyp><geoObjCnt Sync="TRUE">28164</geoObjCnt></geometObjs><topLvl><TopoLevCd value="001" Sync="TRUE"></TopoLevCd></topLvl></VectSpatRep></spatRepInfo><mdDateSt Sync="TRUE">20160629</mdDateSt></metadata>
